LOCK ACQUIRED Thu Oct  8 14:23:26 IST 2026

◆  Rendering L14-hi → /Users/mdhussain/video_production/accounting-course/lessons/L14-hi/renders/video.hi.mp4
   30fps · standard · 6 workers
   GPU: browser GPU (auto-detect)

[?25l│
◒  Checking browser[1G[J◇  Browser: cache
[?25h
  Lint: 0 error(s), 56 warning(s) — run with --lint-verbose for full output.
  Continuing render despite lint issues. Use --strict to block errors.

  Parallel drawElement capture stays off for this install (a previous render had to fall back). Re-enable with HF_DE_PARALLEL_ROUTER=true.
[INFO] [Render] Pipeline started {"renderJobId":"aa639afb-fcbf-424c-9bbb-703cfc3254c2","platform":"darwin","arch":"arm64","nodeVersion":"v24.15.0","fps":{"num":30,"den":1},"format":"mp4","quality":"standard","browserGpuMode":"auto","forceScreenshot":false,"protocolTimeout":300000,"browserTimeout":120000,"pageNavigationTimeout":60000,"playerReadyTimeout":45000}
[INFO] [Render:trace] {"renderJobId":"aa639afb-fcbf-424c-9bbb-703cfc3254c2","phase":"pipeline","status":"checkpoint","elapsedMs":18,"message":"started","format":"mp4","quality":"standard","browserGpuMode":"auto","forceScreenshot":false,"protocolTimeoutMs":300000,"pageNavigationTimeoutMs":60000,"playerReadyTimeoutMs":45000,"requestedWorkers":6}
[INFO] [Render:trace] {"renderJobId":"aa639afb-fcbf-424c-9bbb-703cfc3254c2","phase":"compile","status":"start","elapsedMs":19,"needsAlpha":false}
  █░░░░░░░░░░░░░░░░░░░░░░░░  5%  Compiling composition
[WARN] [compile] Audio "fx-048" (assets/sfx/tick_tock.mp3) is 3.03s but its data-duration is 3.20s — the slot is shortened to the media length. Set data-duration to ~3.03s, trim data-media-start, or use a longer/looping source if that isn't intended. {"renderJobId":"aa639afb-fcbf-424c-9bbb-703cfc3254c2"}
[INFO] [Compiler] Fetched 5 font face(s) for "Baloo 2" from Google Fonts (cached to /Users/mdhussain/.cache/hyperframes/fonts/baloo-2)
[INFO] [Compiler] Fetched 3 font face(s) for "Kalam" from Google Fonts (cached to /Users/mdhussain/.cache/hyperframes/fonts/kalam)
[INFO] [Compiler] Injected deterministic @font-face rules for 2 requested font families
[INFO] [Compiler] Inlined CDN script: https://cdn.jsdelivr.net/npm/gsap@3.14.2/dist/gsap.min.js
[INFO] Compiled composition metadata {"renderJobId":"aa639afb-fcbf-424c-9bbb-703cfc3254c2","entryFile":"index.html","staticDuration":452.004,"width":1920,"height":1080,"videoCount":0,"audioCount":212,"renderModeHints":{"recommendScreenshot":false,"reasons":[]}}
[INFO] [Render:trace] {"renderJobId":"aa639afb-fcbf-424c-9bbb-703cfc3254c2","phase":"compile","status":"end","elapsedMs":2455,"durationMs":2436,"needsAlpha":false}
[INFO] [Render:trace] {"renderJobId":"aa639afb-fcbf-424c-9bbb-703cfc3254c2","phase":"compile","status":"checkpoint","elapsedMs":2456,"message":"composition metadata resolved","width":1920,"height":1080,"videoCount":0,"audioCount":212,"imageCount":0,"deviceScaleFactor":1,"forceScreenshot":false,"compositionHash":"0d131aa599e4561c"}
[INFO] [Render:trace] {"renderJobId":"aa639afb-fcbf-424c-9bbb-703cfc3254c2","phase":"browser_probe","status":"start","elapsedMs":2456,"forceScreenshot":false,"stagePhase":"calibrating"}
[INFO] [Render:trace] {"renderJobId":"aa639afb-fcbf-424c-9bbb-703cfc3254c2","phase":"browser_probe","status":"end","elapsedMs":3585,"durationMs":1129,"forceScreenshot":false,"stagePhase":"calibrating"}
[INFO] [Render:trace] {"renderJobId":"aa639afb-fcbf-424c-9bbb-703cfc3254c2","phase":"browser_probe","status":"checkpoint","elapsedMs":3586,"message":"duration resolved","durationSeconds":452.004,"totalFrames":13561,"compositionHash":"0d131aa599e4561c","beginFrameStalled":false}
[INFO] [Render:trace] {"renderJobId":"aa639afb-fcbf-424c-9bbb-703cfc3254c2","phase":"video_extract","status":"start","elapsedMs":3586,"videoCount":0}
  ██░░░░░░░░░░░░░░░░░░░░░░░  10%  Extracting video frames
[INFO] [Render:trace] {"renderJobId":"aa639afb-fcbf-424c-9bbb-703cfc3254c2","phase":"video_extract","status":"end","elapsedMs":3587,"durationMs":1,"videoCount":0}
[INFO] [Render:trace] {"renderJobId":"aa639afb-fcbf-424c-9bbb-703cfc3254c2","phase":"video_extract","status":"checkpoint","elapsedMs":3590,"message":"frames resolved","videoCount":0,"extractedVideoCount":0,"totalFramesExtracted":0,"maxFramesPerVideo":0,"avgFramesPerExtractedVideo":null,"vfrPreflightCount":null,"vfrPreflightMs":null,"cacheHits":null,"cacheMisses":null,"transientRetries":null,"minVideoFrameCoverageRatio":null,"authoredTimedClipCount":226}
[INFO] [Render] No HDR sources detected — rendering SDR {"renderJobId":"aa639afb-fcbf-424c-9bbb-703cfc3254c2"}
[INFO] [Render:trace] {"renderJobId":"aa639afb-fcbf-424c-9bbb-703cfc3254c2","phase":"hdr_detection","status":"checkpoint","elapsedMs":3590,"message":"resolved","requestedHdrMode":"auto","effectiveHdr":"sdr","nativeHdrVideoCount":0,"nativeHdrImageCount":0}
[INFO] [Render:trace] {"renderJobId":"aa639afb-fcbf-424c-9bbb-703cfc3254c2","phase":"audio_process","status":"start","elapsedMs":3590,"audioCount":212}
  █████░░░░░░░░░░░░░░░░░░░░  20%  Processing audio tracks
[INFO] [Render:trace] {"renderJobId":"aa639afb-fcbf-424c-9bbb-703cfc3254c2","phase":"audio_process","status":"checkpoint","elapsedMs":33593,"message":"stage still running","audioCount":212,"heartbeatIndex":1,"stageElapsedMs":30003}
[INFO] [Render:trace] {"renderJobId":"aa639afb-fcbf-424c-9bbb-703cfc3254c2","phase":"audio_process","status":"checkpoint","elapsedMs":63594,"message":"stage still running","audioCount":212,"heartbeatIndex":2,"stageElapsedMs":60004}
[INFO] [Render:trace] {"renderJobId":"aa639afb-fcbf-424c-9bbb-703cfc3254c2","phase":"audio_process","status":"end","elapsedMs":67281,"durationMs":63691,"audioCount":212}
[INFO] [Render:trace] {"renderJobId":"aa639afb-fcbf-424c-9bbb-703cfc3254c2","phase":"file_server","status":"start","elapsedMs":67282,"reused":false}
  ██████░░░░░░░░░░░░░░░░░░░  25%  Starting frame capture
[INFO] [Render:trace] {"renderJobId":"aa639afb-fcbf-424c-9bbb-703cfc3254c2","phase":"file_server","status":"end","elapsedMs":67290,"durationMs":8}
  ██████░░░░░░░░░░░░░░░░░░░  25%  Checking browser GPU
[hyperframes] browserGpuMode probe → hardware (WebGL renderer vendor="Google Inc. (Apple)" renderer="ANGLE (Apple, ANGLE Metal Renderer: Apple M1 Pro, Unspecified Version)")
[INFO] [Render:trace] {"renderJobId":"aa639afb-fcbf-424c-9bbb-703cfc3254c2","phase":"capture_calibration","status":"checkpoint","elapsedMs":67664,"message":"skipped","requestedWorkers":6,"totalFrames":13561,"htmlInCanvasDetected":false,"lowMemoryMode":false,"deInversionEligible":false,"deParallelRouterEligible":false}
[INFO] [Render:trace] {"renderJobId":"aa639afb-fcbf-424c-9bbb-703cfc3254c2","phase":"worker_resolution","status":"checkpoint","elapsedMs":67664,"message":"resolved","workerCount":6}
[INFO] [Render] Fast capture: default-on drawElement disabled for this render — parallel capture has no runtime self-verification. Set PRODUCER_EXPERIMENTAL_FAST_CAPTURE=true to override. {"renderJobId":"aa639afb-fcbf-424c-9bbb-703cfc3254c2"}
[INFO] streaming-encode gate {"renderJobId":"aa639afb-fcbf-424c-9bbb-703cfc3254c2","enabled":false,"reason":"multi_worker","configFlag":true,"durationCapEnabled":false,"outputFormat":"mp4","workerCount":6,"durationSeconds":452.004,"maxDurationSeconds":240}
[INFO] [Render:trace] {"renderJobId":"aa639afb-fcbf-424c-9bbb-703cfc3254c2","phase":"capture_strategy","status":"checkpoint","elapsedMs":67665,"message":"resolved","workerCount":6,"forceScreenshot":false,"captureBeyondViewport":null,"useStreamingEncode":false,"useLayeredComposite":false,"usePageSideCompositing":false,"hasHdrContent":false,"hasShaderTransitions":false,"isPngSequence":false}
[INFO] [Render:trace] {"renderJobId":"aa639afb-fcbf-424c-9bbb-703cfc3254c2","phase":"capture_disk","status":"start","elapsedMs":67665,"stagePhase":"capturing","needsAlpha":false,"workerCount":6,"forceScreenshot":false,"totalFrames":13561,"framesCompleted":0,"captureMode":"screenshot","captureOperation":"captureScreenshot"}
  ██████░░░░░░░░░░░░░░░░░░░  25%  Starting browsers (0/6 ready)
[BrowserManager] Browser launched (HeadlessChrome/152.0.7977.30, screenshot, gl=--use-gl=angle --use-angle=metal, headlessShell=true, platform=darwin)
  ██████░░░░░░░░░░░░░░░░░░░  25%  Starting browsers (0/6 ready)
[initSession:screenshot] page.goto start (0ms)
[initSession:screenshot] page.goto start (0ms)
[initSession:screenshot] page.goto start (0ms)
[initSession:screenshot] page.goto start (0ms)
[initSession:screenshot] page.goto complete (1611ms)
[initSession:screenshot] page.goto complete (1854ms)
[initSession:screenshot] page.goto complete (2098ms)
[initSession:screenshot] page.goto complete (2040ms)
[HyperFrames] render runtime fps {"canonicalFps":30,"source":"render-options","rawFpsSource":"render-options","rawFps":30}
[HyperFrames] render runtime fps {"canonicalFps":30,"source":"render-options","rawFpsSource":"render-options","rawFps":30}
[HyperFrames] render runtime fps {"canonicalFps":30,"source":"render-options","rawFpsSource":"render-options","rawFps":30}
[HyperFrames] render runtime fps {"canonicalFps":30,"source":"render-options","rawFpsSource":"render-options","rawFps":30}
[initSession:screenshot] GSAP proxy flush complete (2580ms)
[initSession:screenshot] GSAP proxy flush complete (2604ms)
[initSession:screenshot] GSAP proxy flush complete (2625ms)
[initSession:screenshot] GSAP proxy flush complete (2560ms)
[initSession:screenshot] pollHfReady complete (2634ms)
[initSession:screenshot] pollHfReady complete (2633ms)
[initSession:screenshot] pollHfReady complete (2628ms)
[initSession:screenshot] pollHfReady complete (2562ms)
  ██████░░░░░░░░░░░░░░░░░░░  25%  Starting browsers (0/6 ready)
[initSession:screenshot] page.goto start (0ms)
[initSession:screenshot] page.goto start (0ms)
[initSession:screenshot] pollSubCompositionTimelines complete (ready) (2640ms)
[initSession:screenshot] applyVideoMetadataHints complete (2640ms)
[initSession:screenshot] pollSubCompositionTimelines complete (ready) (2635ms)
[initSession:screenshot] applyVideoMetadataHints complete (2635ms)
[initSession:screenshot] pollSubCompositionTimelines complete (ready) (2641ms)
[initSession:screenshot] applyVideoMetadataHints complete (2641ms)
[initSession:screenshot] pollSubCompositionTimelines complete (ready) (2600ms)
[initSession:screenshot] applyVideoMetadataHints complete (2600ms)
[initSession:screenshot] media + fonts + tailwind ready (2745ms)
[initSession:screenshot] media + fonts + tailwind ready (2750ms)
[initSession:screenshot] media + fonts + tailwind ready (2747ms)
[initSession:screenshot] media + fonts + tailwind ready (2696ms)
[initSession:screenshot] page.goto complete (657ms)
[initSession:screenshot] page.goto complete (846ms)
[HyperFrames] render runtime fps {"canonicalFps":30,"source":"render-options","rawFpsSource":"render-options","rawFps":30}
[HyperFrames] render runtime fps {"canonicalFps":30,"source":"render-options","rawFpsSource":"render-options","rawFps":30}
[initSession:screenshot] GSAP proxy flush complete (1190ms)
[initSession:screenshot] GSAP proxy flush complete (1216ms)
[initSession:screenshot] pollHfReady complete (1270ms)
[initSession:screenshot] pollHfReady complete (1270ms)
[initSession:screenshot] pollSubCompositionTimelines complete (ready) (1275ms)
[initSession:screenshot] applyVideoMetadataHints complete (1275ms)
[initSession:screenshot] pollSubCompositionTimelines complete (ready) (1276ms)
[initSession:screenshot] applyVideoMetadataHints complete (1276ms)
[initSession:screenshot] media + fonts + tailwind ready (1278ms)
[initSession:screenshot] media + fonts + tailwind ready (1278ms)
[initSession:screenshot] static-frame dedup: 1025/5822 predicted frame(s) reusable (outcome=time_budget, runs=14/314, screenshots=66, seeks=67, elapsedMs=15086) (21674ms)
  ██████░░░░░░░░░░░░░░░░░░░  25%  Starting browsers (1/6 ready)
  ██████░░░░░░░░░░░░░░░░░░░  25%  Capturing frame 1/13561 (6 workers)
  ██████░░░░░░░░░░░░░░░░░░░  25%  Capturing frame 3/13561 (6 workers)
[initSession:screenshot] static-frame dedup: 1082/5822 predicted frame(s) reusable (outcome=time_budget, runs=15/314, screenshots=69, seeks=70, elapsedMs=15195) (22413ms)
  ██████░░░░░░░░░░░░░░░░░░░  25%  Capturing frame 5/13561 (6 workers)
[initSession:screenshot] static-frame dedup: 1082/5822 predicted frame(s) reusable (outcome=time_budget, runs=15/314, screenshots=70, seeks=71, elapsedMs=15102) (22607ms)
[initSession:screenshot] static-frame dedup: 1134/5822 predicted frame(s) reusable (outcome=time_budget, runs=16/314, screenshots=73, seeks=74, elapsedMs=15040) (20259ms)
  ██████░░░░░░░░░░░░░░░░░░░  25%  Capturing frame 7/13561 (6 workers)
[initSession:screenshot] static-frame dedup: 1134/5822 predicted frame(s) reusable (outcome=time_budget, runs=16/314, screenshots=72, seeks=73, elapsedMs=15538) (23061ms)
[initSession:screenshot] static-frame dedup: 1134/5822 predicted frame(s) reusable (outcome=time_budget, runs=16/314, screenshots=73, seeks=74, elapsedMs=15334) (20551ms)
  ██████░░░░░░░░░░░░░░░░░░░  25%  Capturing frame 10/13561 (6 workers)
  ██████░░░░░░░░░░░░░░░░░░░  25%  Capturing frame 15/13561 (6 workers)
  ██████░░░░░░░░░░░░░░░░░░░  25%  Capturing frame 26/13561 (6 workers)
  ██████░░░░░░░░░░░░░░░░░░░  25%  Capturing frame 38/13561 (6 workers)
  ██████░░░░░░░░░░░░░░░░░░░  25%  Capturing frame 49/13561 (6 workers)
  ██████░░░░░░░░░░░░░░░░░░░  25%  Capturing frame 60/13561 (6 workers)
  ██████░░░░░░░░░░░░░░░░░░░  25%  Capturing frame 72/13561 (6 workers)
  ██████░░░░░░░░░░░░░░░░░░░  25%  Capturing frame 84/13561 (6 workers)
  ██████░░░░░░░░░░░░░░░░░░░  25%  Capturing frame 96/13561 (6 workers)
  ██████░░░░░░░░░░░░░░░░░░░  25%  Capturing frame 108/13561 (6 workers)
  ██████░░░░░░░░░░░░░░░░░░░  25%  Capturing frame 119/13561 (6 workers)
  ██████░░░░░░░░░░░░░░░░░░░  25%  Capturing frame 131/13561 (6 workers)
  ██████░░░░░░░░░░░░░░░░░░░  25%  Capturing frame 142/13561 (6 workers)
  ██████░░░░░░░░░░░░░░░░░░░  26%  Capturing frame 152/13561 (6 workers)
  ██████░░░░░░░░░░░░░░░░░░░  26%  Capturing frame 164/13561 (6 workers)
  ██████░░░░░░░░░░░░░░░░░░░  26%  Capturing frame 175/13561 (6 workers)
  ██████░░░░░░░░░░░░░░░░░░░  26%  Capturing frame 186/13561 (6 workers)
  ██████░░░░░░░░░░░░░░░░░░░  26%  Capturing frame 198/13561 (6 workers)
  ██████░░░░░░░░░░░░░░░░░░░  26%  Capturing frame 210/13561 (6 workers)
  ██████░░░░░░░░░░░░░░░░░░░  26%  Capturing frame 221/13561 (6 workers)
[INFO] [Render:trace] {"renderJobId":"aa639afb-fcbf-424c-9bbb-703cfc3254c2","phase":"capture_disk","status":"checkpoint","elapsedMs":97665,"message":"stage still running","stagePhase":"capturing","needsAlpha":false,"workerCount":6,"forceScreenshot":false,"totalFrames":13561,"framesCompleted":229,"captureMode":"screenshot","captureOperation":"captureScreenshot","heartbeatIndex":1,"stageElapsedMs":30000}
  ██████░░░░░░░░░░░░░░░░░░░  26%  Capturing frame 233/13561 (6 workers)
  ██████░░░░░░░░░░░░░░░░░░░  26%  Capturing frame 245/13561 (6 workers)
  ██████░░░░░░░░░░░░░░░░░░░  26%  Capturing frame 256/13561 (6 workers)
  ██████░░░░░░░░░░░░░░░░░░░  26%  Capturing frame 267/13561 (6 workers)
  ██████░░░░░░░░░░░░░░░░░░░  26%  Capturing frame 277/13561 (6 workers)
  ██████░░░░░░░░░░░░░░░░░░░  26%  Capturing frame 288/13561 (6 workers)
  ██████░░░░░░░░░░░░░░░░░░░  26%  Capturing frame 299/13561 (6 workers)
  ██████░░░░░░░░░░░░░░░░░░░  26%  Capturing frame 346/13561 (6 workers)
  ██████░░░░░░░░░░░░░░░░░░░  26%  Capturing frame 372/13561 (6 workers)
  ██████░░░░░░░░░░░░░░░░░░░  26%  Capturing frame 383/13561 (6 workers)
  ██████░░░░░░░░░░░░░░░░░░░  26%  Capturing frame 394/13561 (6 workers)
  ██████░░░░░░░░░░░░░░░░░░░  26%  Capturing frame 405/13561 (6 workers)
  ██████░░░░░░░░░░░░░░░░░░░  26%  Capturing frame 417/13561 (6 workers)
  ██████░░░░░░░░░░░░░░░░░░░  26%  Capturing frame 429/13561 (6 workers)
  ██████░░░░░░░░░░░░░░░░░░░  26%  Capturing frame 441/13561 (6 workers)
  ██████░░░░░░░░░░░░░░░░░░░  26%  Capturing frame 452/13561 (6 workers)
  ██████░░░░░░░░░░░░░░░░░░░  27%  Capturing frame 464/13561 (6 workers)
  ██████░░░░░░░░░░░░░░░░░░░  27%  Capturing frame 476/13561 (6 workers)
  ██████░░░░░░░░░░░░░░░░░░░  27%  Capturing frame 488/13561 (6 workers)
  ██████░░░░░░░░░░░░░░░░░░░  27%  Capturing frame 500/13561 (6 workers)
  ██████░░░░░░░░░░░░░░░░░░░  27%  Capturing frame 512/13561 (6 workers)
  ██████░░░░░░░░░░░░░░░░░░░  27%  Capturing frame 524/13561 (6 workers)
  ██████░░░░░░░░░░░░░░░░░░░  27%  Capturing frame 536/13561 (6 workers)
  ██████░░░░░░░░░░░░░░░░░░░  27%  Capturing frame 547/13561 (6 workers)
  ██████░░░░░░░░░░░░░░░░░░░  27%  Capturing frame 558/13561 (6 workers)
  ██████░░░░░░░░░░░░░░░░░░░  27%  Capturing frame 567/13561 (6 workers)
  ██████░░░░░░░░░░░░░░░░░░░  27%  Capturing frame 577/13561 (6 workers)
  ██████░░░░░░░░░░░░░░░░░░░  27%  Capturing frame 589/13561 (6 workers)
  ██████░░░░░░░░░░░░░░░░░░░  27%  Capturing frame 599/13561 (6 workers)
  ██████░░░░░░░░░░░░░░░░░░░  27%  Capturing frame 608/13561 (6 workers)
  ██████░░░░░░░░░░░░░░░░░░░  27%  Capturing frame 619/13561 (6 workers)
  ██████░░░░░░░░░░░░░░░░░░░  27%  Capturing frame 631/13561 (6 workers)
  ██████░░░░░░░░░░░░░░░░░░░  27%  Capturing frame 643/13561 (6 workers)
  ██████░░░░░░░░░░░░░░░░░░░  27%  Capturing frame 654/13561 (6 workers)
  ██████░░░░░░░░░░░░░░░░░░░  27%  Capturing frame 666/13561 (6 workers)
  ██████░░░░░░░░░░░░░░░░░░░  27%  Capturing frame 678/13561 (6 workers)
  ██████░░░░░░░░░░░░░░░░░░░  27%  Capturing frame 690/13561 (6 workers)
  ██████░░░░░░░░░░░░░░░░░░░  27%  Capturing frame 702/13561 (6 workers)
  ██████░░░░░░░░░░░░░░░░░░░  27%  Capturing frame 714/13561 (6 workers)
  ██████░░░░░░░░░░░░░░░░░░░  27%  Capturing frame 726/13561 (6 workers)
  ██████░░░░░░░░░░░░░░░░░░░  27%  Capturing frame 738/13561 (6 workers)
  ██████░░░░░░░░░░░░░░░░░░░  27%  Capturing frame 749/13561 (6 workers)
  ███████░░░░░░░░░░░░░░░░░░  28%  Capturing frame 760/13561 (6 workers)
  ███████░░░░░░░░░░░░░░░░░░  28%  Capturing frame 771/13561 (6 workers)
  ███████░░░░░░░░░░░░░░░░░░  28%  Capturing frame 783/13561 (6 workers)
  ███████░░░░░░░░░░░░░░░░░░  28%  Capturing frame 794/13561 (6 workers)
  ███████░░░░░░░░░░░░░░░░░░  28%  Capturing frame 804/13561 (6 workers)
  ███████░░░░░░░░░░░░░░░░░░  28%  Capturing frame 816/13561 (6 workers)
  ███████░░░░░░░░░░░░░░░░░░  28%  Capturing frame 827/13561 (6 workers)
  ███████░░░░░░░░░░░░░░░░░░  28%  Capturing frame 838/13561 (6 workers)
  ███████░░░░░░░░░░░░░░░░░░  28%  Capturing frame 850/13561 (6 workers)
  ███████░░░░░░░░░░░░░░░░░░  28%  Capturing frame 862/13561 (6 workers)
  ███████░░░░░░░░░░░░░░░░░░  28%  Capturing frame 874/13561 (6 workers)
  ███████░░░░░░░░░░░░░░░░░░  28%  Capturing frame 885/13561 (6 workers)
  ███████░░░░░░░░░░░░░░░░░░  28%  Capturing frame 897/13561 (6 workers)
  ███████░░░░░░░░░░░░░░░░░░  28%  Capturing frame 909/13561 (6 workers)
  ███████░░░░░░░░░░░░░░░░░░  28%  Capturing frame 920/13561 (6 workers)
  ███████░░░░░░░░░░░░░░░░░░  28%  Capturing frame 931/13561 (6 workers)
  ███████░░░░░░░░░░░░░░░░░░  28%  Capturing frame 941/13561 (6 workers)
  ███████░░░░░░░░░░░░░░░░░░  28%  Capturing frame 951/13561 (6 workers)
  ███████░░░░░░░░░░░░░░░░░░  28%  Capturing frame 963/13561 (6 workers)
  ███████░░░░░░░░░░░░░░░░░░  28%  Capturing frame 975/13561 (6 workers)
  ███████░░░░░░░░░░░░░░░░░░  28%  Capturing frame 987/13561 (6 workers)
  ███████░░░░░░░░░░░░░░░░░░  28%  Capturing frame 999/13561 (6 workers)
  ███████░░░░░░░░░░░░░░░░░░  28%  Capturing frame 1011/13561 (6 workers)
  ███████░░░░░░░░░░░░░░░░░░  28%  Capturing frame 1023/13561 (6 workers)
  ███████░░░░░░░░░░░░░░░░░░  28%  Capturing frame 1035/13561 (6 workers)
  ███████░░░░░░░░░░░░░░░░░░  28%  Capturing frame 1047/13561 (6 workers)
  ███████░░░░░░░░░░░░░░░░░░  29%  Capturing frame 1058/13561 (6 workers)
  ███████░░░░░░░░░░░░░░░░░░  29%  Capturing frame 1065/13561 (6 workers)
  ███████░░░░░░░░░░░░░░░░░░  29%  Capturing frame 1076/13561 (6 workers)
  ███████░░░░░░░░░░░░░░░░░░  29%  Capturing frame 1084/13561 (6 workers)
  ███████░░░░░░░░░░░░░░░░░░  29%  Capturing frame 1094/13561 (6 workers)
  ███████░░░░░░░░░░░░░░░░░░  29%  Capturing frame 1103/13561 (6 workers)
  ███████░░░░░░░░░░░░░░░░░░  29%  Capturing frame 1113/13561 (6 workers)
  ███████░░░░░░░░░░░░░░░░░░  29%  Capturing frame 1125/13561 (6 workers)
  ███████░░░░░░░░░░░░░░░░░░  29%  Capturing frame 1137/13561 (6 workers)
  ███████░░░░░░░░░░░░░░░░░░  29%  Capturing frame 1149/13561 (6 workers)
  ███████░░░░░░░░░░░░░░░░░░  29%  Capturing frame 1161/13561 (6 workers)
  ███████░░░░░░░░░░░░░░░░░░  29%  Capturing frame 1173/13561 (6 workers)
  ███████░░░░░░░░░░░░░░░░░░  29%  Capturing frame 1185/13561 (6 workers)
  ███████░░░░░░░░░░░░░░░░░░  29%  Capturing frame 1197/13561 (6 workers)
  ███████░░░░░░░░░░░░░░░░░░  29%  Capturing frame 1209/13561 (6 workers)
  ███████░░░░░░░░░░░░░░░░░░  29%  Capturing frame 1221/13561 (6 workers)
  ███████░░░░░░░░░░░░░░░░░░  29%  Capturing frame 1233/13561 (6 workers)
  ███████░░░░░░░░░░░░░░░░░░  29%  Capturing frame 1245/13561 (6 workers)
  ███████░░░░░░░░░░░░░░░░░░  29%  Capturing frame 1257/13561 (6 workers)
  ███████░░░░░░░░░░░░░░░░░░  29%  Capturing frame 1269/13561 (6 workers)
  ███████░░░░░░░░░░░░░░░░░░  29%  Capturing frame 1281/13561 (6 workers)
  ███████░░░░░░░░░░░░░░░░░░  29%  Capturing frame 1293/13561 (6 workers)
  ███████░░░░░░░░░░░░░░░░░░  29%  Capturing frame 1304/13561 (6 workers)
  ███████░░░░░░░░░░░░░░░░░░  29%  Capturing frame 1316/13561 (6 workers)
  ███████░░░░░░░░░░░░░░░░░░  29%  Capturing frame 1327/13561 (6 workers)
  ███████░░░░░░░░░░░░░░░░░░  29%  Capturing frame 1338/13561 (6 workers)
  ███████░░░░░░░░░░░░░░░░░░  29%  Capturing frame 1349/13561 (6 workers)
  ███████░░░░░░░░░░░░░░░░░░  30%  Capturing frame 1358/13561 (6 workers)
  ███████░░░░░░░░░░░░░░░░░░  30%  Capturing frame 1367/13561 (6 workers)
  ███████░░░░░░░░░░░░░░░░░░  30%  Capturing frame 1374/13561 (6 workers)
  ███████░░░░░░░░░░░░░░░░░░  30%  Capturing frame 1382/13561 (6 workers)
  ███████░░░░░░░░░░░░░░░░░░  30%  Capturing frame 1390/13561 (6 workers)
  ███████░░░░░░░░░░░░░░░░░░  30%  Capturing frame 1397/13561 (6 workers)
  ███████░░░░░░░░░░░░░░░░░░  30%  Capturing frame 1405/13561 (6 workers)
  ███████░░░░░░░░░░░░░░░░░░  30%  Capturing frame 1416/13561 (6 workers)
  ███████░░░░░░░░░░░░░░░░░░  30%  Capturing frame 1427/13561 (6 workers)
  ███████░░░░░░░░░░░░░░░░░░  30%  Capturing frame 1436/13561 (6 workers)
  ███████░░░░░░░░░░░░░░░░░░  30%  Capturing frame 1446/13561 (6 workers)
  ███████░░░░░░░░░░░░░░░░░░  30%  Capturing frame 1457/13561 (6 workers)
  ███████░░░░░░░░░░░░░░░░░░  30%  Capturing frame 1469/13561 (6 workers)
  ███████░░░░░░░░░░░░░░░░░░  30%  Capturing frame 1481/13561 (6 workers)
  ███████░░░░░░░░░░░░░░░░░░  30%  Capturing frame 1492/13561 (6 workers)
  ███████░░░░░░░░░░░░░░░░░░  30%  Capturing frame 1502/13561 (6 workers)
  ███████░░░░░░░░░░░░░░░░░░  30%  Capturing frame 1513/13561 (6 workers)
  ███████░░░░░░░░░░░░░░░░░░  30%  Capturing frame 1523/13561 (6 workers)
[INFO] [Render:trace] {"renderJobId":"aa639afb-fcbf-424c-9bbb-703cfc3254c2","phase":"capture_disk","status":"checkpoint","elapsedMs":127667,"message":"stage still running","stagePhase":"capturing","needsAlpha":false,"workerCount":6,"forceScreenshot":false,"totalFrames":13561,"framesCompleted":1524,"captureMode":"screenshot","captureOperation":"captureScreenshot","heartbeatIndex":2,"stageElapsedMs":60002}
  ███████░░░░░░░░░░░░░░░░░░  30%  Capturing frame 1535/13561 (6 workers)
  ███████░░░░░░░░░░░░░░░░░░  30%  Capturing frame 1547/13561 (6 workers)
  ███████░░░░░░░░░░░░░░░░░░  30%  Capturing frame 1559/13561 (6 workers)
  ███████░░░░░░░░░░░░░░░░░░  30%  Capturing frame 1571/13561 (6 workers)
  ███████░░░░░░░░░░░░░░░░░░  30%  Capturing frame 1582/13561 (6 workers)
  ███████░░░░░░░░░░░░░░░░░░  30%  Capturing frame 1593/13561 (6 workers)
  ███████░░░░░░░░░░░░░░░░░░  30%  Capturing frame 1604/13561 (6 workers)
  ███████░░░░░░░░░░░░░░░░░░  30%  Capturing frame 1614/13561 (6 workers)
  ███████░░░░░░░░░░░░░░░░░░  30%  Capturing frame 1623/13561 (6 workers)
  ███████░░░░░░░░░░░░░░░░░░  30%  Capturing frame 1635/13561 (6 workers)
  ███████░░░░░░░░░░░░░░░░░░  30%  Capturing frame 1647/13561 (6 workers)
  ███████░░░░░░░░░░░░░░░░░░  31%  Capturing frame 1659/13561 (6 workers)
  ███████░░░░░░░░░░░░░░░░░░  31%  Capturing frame 1670/13561 (6 workers)
  ███████░░░░░░░░░░░░░░░░░░  31%  Capturing frame 1678/13561 (6 workers)
  ███████░░░░░░░░░░░░░░░░░░  31%  Capturing frame 1688/13561 (6 workers)
  ███████░░░░░░░░░░░░░░░░░░  31%  Capturing frame 1700/13561 (6 workers)
  ███████░░░░░░░░░░░░░░░░░░  31%  Capturing frame 1712/13561 (6 workers)
  ███████░░░░░░░░░░░░░░░░░░  31%  Capturing frame 1724/13561 (6 workers)
  ███████░░░░░░░░░░░░░░░░░░  31%  Capturing frame 1736/13561 (6 workers)
  ███████░░░░░░░░░░░░░░░░░░  31%  Capturing frame 1748/13561 (6 workers)
  ███████░░░░░░░░░░░░░░░░░░  31%  Capturing frame 1760/13561 (6 workers)
  ███████░░░░░░░░░░░░░░░░░░  31%  Capturing frame 1772/13561 (6 workers)
  ███████░░░░░░░░░░░░░░░░░░  31%  Capturing frame 1784/13561 (6 workers)
  ███████░░░░░░░░░░░░░░░░░░  31%  Capturing frame 1796/13561 (6 workers)
  ███████░░░░░░░░░░░░░░░░░░  31%  Capturing frame 1808/13561 (6 workers)
  ███████░░░░░░░░░░░░░░░░░░  31%  Capturing frame 1820/13561 (6 workers)
  ███████░░░░░░░░░░░░░░░░░░  31%  Capturing frame 1832/13561 (6 workers)
  ███████░░░░░░░░░░░░░░░░░░  31%  Capturing frame 1844/13561 (6 workers)
  ███████░░░░░░░░░░░░░░░░░░  31%  Capturing frame 1856/13561 (6 workers)
  ███████░░░░░░░░░░░░░░░░░░  31%  Capturing frame 1868/13561 (6 workers)
  ███████░░░░░░░░░░░░░░░░░░  31%  Capturing frame 1880/13561 (6 workers)
  ███████░░░░░░░░░░░░░░░░░░  31%  Capturing frame 1891/13561 (6 workers)
  ███████░░░░░░░░░░░░░░░░░░  31%  Capturing frame 1903/13561 (6 workers)
  ███████░░░░░░░░░░░░░░░░░░  31%  Capturing frame 1915/13561 (6 workers)
  ███████░░░░░░░░░░░░░░░░░░  31%  Capturing frame 1926/13561 (6 workers)
  ███████░░░░░░░░░░░░░░░░░░  31%  Capturing frame 1938/13561 (6 workers)
  ███████░░░░░░░░░░░░░░░░░░  31%  Capturing frame 1950/13561 (6 workers)
  ████████░░░░░░░░░░░░░░░░░  32%  Capturing frame 1961/13561 (6 workers)
  ████████░░░░░░░░░░░░░░░░░  32%  Capturing frame 1973/13561 (6 workers)
  ████████░░░░░░░░░░░░░░░░░  32%  Capturing frame 1985/13561 (6 workers)
  ████████░░░░░░░░░░░░░░░░░  32%  Capturing frame 1997/13561 (6 workers)
  ████████░░░░░░░░░░░░░░░░░  32%  Capturing frame 2009/13561 (6 workers)
  ████████░░░░░░░░░░░░░░░░░  32%  Capturing frame 2021/13561 (6 workers)
  ████████░░░░░░░░░░░░░░░░░  32%  Capturing frame 2033/13561 (6 workers)
  ████████░░░░░░░░░░░░░░░░░  32%  Capturing frame 2045/13561 (6 workers)
  ████████░░░░░░░░░░░░░░░░░  32%  Capturing frame 2057/13561 (6 workers)
  ████████░░░░░░░░░░░░░░░░░  32%  Capturing frame 2069/13561 (6 workers)
  ████████░░░░░░░░░░░░░░░░░  32%  Capturing frame 2081/13561 (6 workers)
  ████████░░░░░░░░░░░░░░░░░  32%  Capturing frame 2093/13561 (6 workers)
  ████████░░░░░░░░░░░░░░░░░  32%  Capturing frame 2105/13561 (6 workers)
  ████████░░░░░░░░░░░░░░░░░  32%  Capturing frame 2117/13561 (6 workers)
  ████████░░░░░░░░░░░░░░░░░  32%  Capturing frame 2128/13561 (6 workers)
  ████████░░░░░░░░░░░░░░░░░  32%  Capturing frame 2140/13561 (6 workers)
  ████████░░░░░░░░░░░░░░░░░  32%  Capturing frame 2152/13561 (6 workers)
  ████████░░░░░░░░░░░░░░░░░  32%  Capturing frame 2164/13561 (6 workers)
  ████████░░░░░░░░░░░░░░░░░  32%  Capturing frame 2176/13561 (6 workers)
  ████████░░░░░░░░░░░░░░░░░  32%  Capturing frame 2188/13561 (6 workers)
  ████████░░░░░░░░░░░░░░░░░  32%  Capturing frame 2200/13561 (6 workers)
  ████████░░░░░░░░░░░░░░░░░  32%  Capturing frame 2214/13561 (6 workers)
  ████████░░░░░░░░░░░░░░░░░  32%  Capturing frame 2226/13561 (6 workers)
  ████████░░░░░░░░░░░░░░░░░  32%  Capturing frame 2237/13561 (6 workers)
  ████████░░░░░░░░░░░░░░░░░  32%  Capturing frame 2248/13561 (6 workers)
  ████████░░░░░░░░░░░░░░░░░  32%  Capturing frame 2258/13561 (6 workers)
  ████████░░░░░░░░░░░░░░░░░  33%  Capturing frame 2269/13561 (6 workers)
  ████████░░░░░░░░░░░░░░░░░  33%  Capturing frame 2281/13561 (6 workers)
  ████████░░░░░░░░░░░░░░░░░  33%  Capturing frame 2293/13561 (6 workers)
  ████████░░░░░░░░░░░░░░░░░  33%  Capturing frame 2305/13561 (6 workers)
  ████████░░░░░░░░░░░░░░░░░  33%  Capturing frame 2317/13561 (6 workers)
  ████████░░░░░░░░░░░░░░░░░  33%  Capturing frame 2328/13561 (6 workers)
  ████████░░░░░░░░░░░░░░░░░  33%  Capturing frame 2339/13561 (6 workers)
  ████████░░░░░░░░░░░░░░░░░  33%  Capturing frame 2351/13561 (6 workers)
  ████████░░░░░░░░░░░░░░░░░  33%  Capturing frame 2362/13561 (6 workers)
  ████████░░░░░░░░░░░░░░░░░  33%  Capturing frame 2373/13561 (6 workers)
  ████████░░░░░░░░░░░░░░░░░  33%  Capturing frame 2384/13561 (6 workers)
  ████████░░░░░░░░░░░░░░░░░  33%  Capturing frame 2433/13561 (6 workers)
  ████████░░░░░░░░░░░░░░░░░  33%  Capturing frame 2458/13561 (6 workers)
  ████████░░░░░░░░░░░░░░░░░  33%  Capturing frame 2469/13561 (6 workers)
  ████████░░░░░░░░░░░░░░░░░  33%  Capturing frame 2481/13561 (6 workers)
  ████████░░░░░░░░░░░░░░░░░  33%  Capturing frame 2493/13561 (6 workers)
  ████████░░░░░░░░░░░░░░░░░  33%  Capturing frame 2505/13561 (6 workers)
  ████████░░░░░░░░░░░░░░░░░  33%  Capturing frame 2517/13561 (6 workers)
  ████████░░░░░░░░░░░░░░░░░  33%  Capturing frame 2529/13561 (6 workers)
  ████████░░░░░░░░░░░░░░░░░  33%  Capturing frame 2541/13561 (6 workers)
  ████████░░░░░░░░░░░░░░░░░  33%  Capturing frame 2553/13561 (6 workers)
  ████████░░░░░░░░░░░░░░░░░  34%  Capturing frame 2563/13561 (6 workers)
  ████████░░░░░░░░░░░░░░░░░  34%  Capturing frame 2574/13561 (6 workers)
  ████████░░░░░░░░░░░░░░░░░  34%  Capturing frame 2581/13561 (6 workers)
  ████████░░░░░░░░░░░░░░░░░  34%  Capturing frame 2592/13561 (6 workers)
  ████████░░░░░░░░░░░░░░░░░  34%  Capturing frame 2601/13561 (6 workers)
  ████████░░░░░░░░░░░░░░░░░  34%  Capturing frame 2610/13561 (6 workers)
  ████████░░░░░░░░░░░░░░░░░  34%  Capturing frame 2619/13561 (6 workers)
  ████████░░░░░░░░░░░░░░░░░  34%  Capturing frame 2629/13561 (6 workers)
  ████████░░░░░░░░░░░░░░░░░  34%  Capturing frame 2637/13561 (6 workers)
  ████████░░░░░░░░░░░░░░░░░  34%  Capturing frame 2647/13561 (6 workers)
  ████████░░░░░░░░░░░░░░░░░  34%  Capturing frame 2655/13561 (6 workers)
  ████████░░░░░░░░░░░░░░░░░  34%  Capturing frame 2666/13561 (6 workers)
  ████████░░░░░░░░░░░░░░░░░  34%  Capturing frame 2673/13561 (6 workers)
  ████████░░░░░░░░░░░░░░░░░  34%  Capturing frame 2683/13561 (6 workers)
  ████████░░░░░░░░░░░░░░░░░  34%  Capturing frame 2691/13561 (6 workers)
  ████████░░░░░░░░░░░░░░░░░  34%  Capturing frame 2701/13561 (6 workers)
  ████████░░░░░░░░░░░░░░░░░  34%  Capturing frame 2711/13561 (6 workers)
  ████████░░░░░░░░░░░░░░░░░  34%  Capturing frame 2723/13561 (6 workers)
  ████████░░░░░░░░░░░░░░░░░  34%  Capturing frame 2732/13561 (6 workers)
  ████████░░░░░░░░░░░░░░░░░  34%  Capturing frame 2743/13561 (6 workers)
  ████████░░░░░░░░░░░░░░░░░  34%  Capturing frame 2752/13561 (6 workers)
  ████████░░░░░░░░░░░░░░░░░  34%  Capturing frame 2762/13561 (6 workers)
  ████████░░░░░░░░░░░░░░░░░  34%  Capturing frame 2772/13561 (6 workers)
  ████████░░░░░░░░░░░░░░░░░  34%  Capturing frame 2782/13561 (6 workers)
  ████████░░░░░░░░░░░░░░░░░  34%  Capturing frame 2790/13561 (6 workers)
  ████████░░░░░░░░░░░░░░░░░  34%  Capturing frame 2798/13561 (6 workers)
  ████████░░░░░░░░░░░░░░░░░  34%  Capturing frame 2808/13561 (6 workers)
  ████████░░░░░░░░░░░░░░░░░  34%  Capturing frame 2816/13561 (6 workers)
  ████████░░░░░░░░░░░░░░░░░  34%  Capturing frame 2827/13561 (6 workers)
  ████████░░░░░░░░░░░░░░░░░  34%  Capturing frame 2835/13561 (6 workers)
  ████████░░░░░░░░░░░░░░░░░  34%  Capturing frame 2847/13561 (6 workers)
  ████████░░░░░░░░░░░░░░░░░  34%  Capturing frame 2856/13561 (6 workers)
  ████████░░░░░░░░░░░░░░░░░  35%  Capturing frame 2866/13561 (6 workers)
  ████████░░░░░░░░░░░░░░░░░  35%  Capturing frame 2875/13561 (6 workers)
  ████████░░░░░░░░░░░░░░░░░  35%  Capturing frame 2885/13561 (6 workers)
  ████████░░░░░░░░░░░░░░░░░  35%  Capturing frame 2896/13561 (6 workers)
  ████████░░░░░░░░░░░░░░░░░  35%  Capturing frame 2903/13561 (6 workers)
  ████████░░░░░░░░░░░░░░░░░  35%  Capturing frame 2913/13561 (6 workers)
  ████████░░░░░░░░░░░░░░░░░  35%  Capturing frame 2921/13561 (6 workers)
  ████████░░░░░░░░░░░░░░░░░  35%  Capturing frame 2931/13561 (6 workers)
  ████████░░░░░░░░░░░░░░░░░  35%  Capturing frame 2956/13561 (6 workers)
  ████████░░░░░░░░░░░░░░░░░  35%  Capturing frame 3011/13561 (6 workers)
  ████████░░░░░░░░░░░░░░░░░  35%  Capturing frame 3023/13561 (6 workers)
  ████████░░░░░░░░░░░░░░░░░  35%  Capturing frame 3032/13561 (6 workers)
  ████████░░░░░░░░░░░░░░░░░  35%  Capturing frame 3041/13561 (6 workers)
  ████████░░░░░░░░░░░░░░░░░  35%  Capturing frame 3051/13561 (6 workers)
  ████████░░░░░░░░░░░░░░░░░  35%  Capturing frame 3059/13561 (6 workers)
  ████████░░░░░░░░░░░░░░░░░  35%  Capturing frame 3068/13561 (6 workers)
  ████████░░░░░░░░░░░░░░░░░  35%  Capturing frame 3077/13561 (6 workers)
  ████████░░░░░░░░░░░░░░░░░  35%  Capturing frame 3084/13561 (6 workers)
  ████████░░░░░░░░░░░░░░░░░  35%  Capturing frame 3095/13561 (6 workers)
  ████████░░░░░░░░░░░░░░░░░  35%  Capturing frame 3103/13561 (6 workers)
  ████████░░░░░░░░░░░░░░░░░  35%  Capturing frame 3113/13561 (6 workers)
  ████████░░░░░░░░░░░░░░░░░  35%  Capturing frame 3123/13561 (6 workers)
  ████████░░░░░░░░░░░░░░░░░  35%  Capturing frame 3134/13561 (6 workers)
  ████████░░░░░░░░░░░░░░░░░  35%  Capturing frame 3143/13561 (6 workers)
  ████████░░░░░░░░░░░░░░░░░  35%  Capturing frame 3153/13561 (6 workers)
  ████████░░░░░░░░░░░░░░░░░  35%  Capturing frame 3162/13561 (6 workers)
  █████████░░░░░░░░░░░░░░░░  36%  Capturing frame 3174/13561 (6 workers)
  █████████░░░░░░░░░░░░░░░░  36%  Capturing frame 3182/13561 (6 workers)
  █████████░░░░░░░░░░░░░░░░  36%  Capturing frame 3192/13561 (6 workers)
  █████████░░░░░░░░░░░░░░░░  36%  Capturing frame 3200/13561 (6 workers)
  █████████░░░░░░░░░░░░░░░░  36%  Capturing frame 3212/13561 (6 workers)
  █████████░░░░░░░░░░░░░░░░  36%  Capturing frame 3224/13561 (6 workers)
  █████████░░░░░░░░░░░░░░░░  36%  Capturing frame 3231/13561 (6 workers)
  █████████░░░░░░░░░░░░░░░░  36%  Capturing frame 3242/13561 (6 workers)
  █████████░░░░░░░░░░░░░░░░  36%  Capturing frame 3249/13561 (6 workers)
  █████████░░░░░░░░░░░░░░░░  36%  Capturing frame 3259/13561 (6 workers)
  █████████░░░░░░░░░░░░░░░░  36%  Capturing frame 3267/13561 (6 workers)
  █████████░░░░░░░░░░░░░░░░  36%  Capturing frame 3279/13561 (6 workers)
  █████████░░░░░░░░░░░░░░░░  36%  Capturing frame 3287/13561 (6 workers)
  █████████░░░░░░░░░░░░░░░░  36%  Capturing frame 3297/13561 (6 workers)
  █████████░░░░░░░░░░░░░░░░  36%  Capturing frame 3305/13561 (6 workers)
  █████████░░░░░░░░░░░░░░░░  36%  Capturing frame 3316/13561 (6 workers)
  █████████░░░░░░░░░░░░░░░░  36%  Capturing frame 3326/13561 (6 workers)
  █████████░░░░░░░░░░░░░░░░  36%  Capturing frame 3336/13561 (6 workers)
  █████████░░░░░░░░░░░░░░░░  36%  Capturing frame 3344/13561 (6 workers)
  █████████░░░░░░░░░░░░░░░░  36%  Capturing frame 3353/13561 (6 workers)
  █████████░░░░░░░░░░░░░░░░  36%  Capturing frame 3362/13561 (6 workers)
  █████████░░░░░░░░░░░░░░░░  36%  Capturing frame 3373/13561 (6 workers)
  █████████░░░░░░░░░░░░░░░░  36%  Capturing frame 3380/13561 (6 workers)
  █████████░░░░░░░░░░░░░░░░  36%  Capturing frame 3389/13561 (6 workers)
  █████████░░░░░░░░░░░░░░░░  36%  Capturing frame 3398/13561 (6 workers)
  █████████░░░░░░░░░░░░░░░░  36%  Capturing frame 3405/13561 (6 workers)
  █████████░░░░░░░░░░░░░░░░  36%  Capturing frame 3414/13561 (6 workers)
  █████████░░░░░░░░░░░░░░░░  36%  Capturing frame 3423/13561 (6 workers)
  █████████░░░░░░░░░░░░░░░░  36%  Capturing frame 3431/13561 (6 workers)
  █████████░░░░░░░░░░░░░░░░  36%  Capturing frame 3439/13561 (6 workers)
  █████████░░░░░░░░░░░░░░░░  36%  Capturing frame 3448/13561 (6 workers)
  █████████░░░░░░░░░░░░░░░░  36%  Capturing frame 3458/13561 (6 workers)
  █████████░░░░░░░░░░░░░░░░  37%  Capturing frame 3467/13561 (6 workers)
  █████████░░░░░░░░░░░░░░░░  37%  Capturing frame 3475/13561 (6 workers)
  █████████░░░░░░░░░░░░░░░░  37%  Capturing frame 3485/13561 (6 workers)
  █████████░░░░░░░░░░░░░░░░  37%  Capturing frame 3492/13561 (6 workers)
  █████████░░░░░░░░░░░░░░░░  37%  Capturing frame 3502/13561 (6 workers)
  █████████░░░░░░░░░░░░░░░░  37%  Capturing frame 3511/13561 (6 workers)
  █████████░░░░░░░░░░░░░░░░  37%  Capturing frame 3521/13561 (6 workers)
  █████████░░░░░░░░░░░░░░░░  37%  Capturing frame 3529/13561 (6 workers)
  █████████░░░░░░░░░░░░░░░░  37%  Capturing frame 3538/13561 (6 workers)
  █████████░░░░░░░░░░░░░░░░  37%  Capturing frame 3547/13561 (6 workers)
  █████████░░░░░░░░░░░░░░░░  37%  Capturing frame 3555/13561 (6 workers)
  █████████░░░░░░░░░░░░░░░░  37%  Capturing frame 3564/13561 (6 workers)
  █████████░░░░░░░░░░░░░░░░  37%  Capturing frame 3572/13561 (6 workers)
  █████████░░░░░░░░░░░░░░░░  37%  Capturing frame 3581/13561 (6 workers)
  █████████░░░░░░░░░░░░░░░░  37%  Capturing frame 3595/13561 (6 workers)
  █████████░░░░░░░░░░░░░░░░  37%  Capturing frame 3642/13561 (6 workers)
  █████████░░░░░░░░░░░░░░░░  37%  Capturing frame 3663/13561 (6 workers)
  █████████░░░░░░░░░░░░░░░░  37%  Capturing frame 3672/13561 (6 workers)
  █████████░░░░░░░░░░░░░░░░  37%  Capturing frame 3681/13561 (6 workers)
  █████████░░░░░░░░░░░░░░░░  37%  Capturing frame 3690/13561 (6 workers)
  █████████░░░░░░░░░░░░░░░░  37%  Capturing frame 3702/13561 (6 workers)
  █████████░░░░░░░░░░░░░░░░  37%  Capturing frame 3710/13561 (6 workers)
  █████████░░░░░░░░░░░░░░░░  37%  Capturing frame 3718/13561 (6 workers)
  █████████░░░░░░░░░░░░░░░░  37%  Capturing frame 3727/13561 (6 workers)
  █████████░░░░░░░░░░░░░░░░  37%  Capturing frame 3736/13561 (6 workers)
  █████████░░░░░░░░░░░░░░░░  37%  Capturing frame 3743/13561 (6 workers)
  █████████░░░░░░░░░░░░░░░░  37%  Capturing frame 3753/13561 (6 workers)
  █████████░░░░░░░░░░░░░░░░  37%  Capturing frame 3762/13561 (6 workers)
  █████████░░░░░░░░░░░░░░░░  38%  Capturing frame 3769/13561 (6 workers)
  █████████░░░░░░░░░░░░░░░░  38%  Capturing frame 3779/13561 (6 workers)
  █████████░░░░░░░░░░░░░░░░  38%  Capturing frame 3787/13561 (6 workers)
  █████████░░░░░░░░░░░░░░░░  38%  Capturing frame 3796/13561 (6 workers)
  █████████░░░░░░░░░░░░░░░░  38%  Capturing frame 3804/13561 (6 workers)
  █████████░░░░░░░░░░░░░░░░  38%  Capturing frame 3811/13561 (6 workers)
  █████████░░░░░░░░░░░░░░░░  38%  Capturing frame 3821/13561 (6 workers)
  █████████░░░░░░░░░░░░░░░░  38%  Capturing frame 3829/13561 (6 workers)
  █████████░░░░░░░░░░░░░░░░  38%  Capturing frame 3837/13561 (6 workers)
  █████████░░░░░░░░░░░░░░░░  38%  Capturing frame 3846/13561 (6 workers)
  █████████░░░░░░░░░░░░░░░░  38%  Capturing frame 3853/13561 (6 workers)
  █████████░░░░░░░░░░░░░░░░  38%  Capturing frame 3862/13561 (6 workers)
  █████████░░░░░░░░░░░░░░░░  38%  Capturing frame 3873/13561 (6 workers)
  █████████░░░░░░░░░░░░░░░░  38%  Capturing frame 3881/13561 (6 workers)
  █████████░░░░░░░░░░░░░░░░  38%  Capturing frame 3891/13561 (6 workers)
  █████████░░░░░░░░░░░░░░░░  38%  Capturing frame 3900/13561 (6 workers)
[INFO] [Render:trace] {"renderJobId":"aa639afb-fcbf-424c-9bbb-703cfc3254c2","phase":"capture_disk","status":"checkpoint","elapsedMs":187672,"message":"stage still running","stagePhase":"capturing","needsAlpha":false,"workerCount":6,"forceScreenshot":false,"totalFrames":13561,"framesCompleted":3900,"captureMode":"screenshot","captureOperation":"captureScreenshot","heartbeatIndex":3,"stageElapsedMs":120007}
  █████████░░░░░░░░░░░░░░░░  38%  Capturing frame 3910/13561 (6 workers)
  █████████░░░░░░░░░░░░░░░░  38%  Capturing frame 3918/13561 (6 workers)
  █████████░░░░░░░░░░░░░░░░  38%  Capturing frame 3928/13561 (6 workers)
  █████████░░░░░░░░░░░░░░░░  38%  Capturing frame 3936/13561 (6 workers)
  █████████░░░░░░░░░░░░░░░░  38%  Capturing frame 3946/13561 (6 workers)
  █████████░░░░░░░░░░░░░░░░  38%  Capturing frame 3954/13561 (6 workers)
  █████████░░░░░░░░░░░░░░░░  38%  Capturing frame 3964/13561 (6 workers)
  █████████░░░░░░░░░░░░░░░░  38%  Capturing frame 3972/13561 (6 workers)
  █████████░░░░░░░░░░░░░░░░  38%  Capturing frame 3982/13561 (6 workers)
  █████████░░░░░░░░░░░░░░░░  38%  Capturing frame 3987/13561 (6 workers)
  █████████░░░░░░░░░░░░░░░░  38%  Capturing frame 3996/13561 (6 workers)
  █████████░░░░░░░░░░░░░░░░  38%  Capturing frame 4005/13561 (6 workers)
  █████████░░░░░░░░░░░░░░░░  38%  Capturing frame 4014/13561 (6 workers)
  █████████░░░░░░░░░░░░░░░░  38%  Capturing frame 4024/13561 (6 workers)
  █████████░░░░░░░░░░░░░░░░  38%  Capturing frame 4032/13561 (6 workers)
  █████████░░░░░░░░░░░░░░░░  38%  Capturing frame 4042/13561 (6 workers)
  █████████░░░░░░░░░░░░░░░░  38%  Capturing frame 4050/13561 (6 workers)
  █████████░░░░░░░░░░░░░░░░  38%  Capturing frame 4059/13561 (6 workers)
  █████████░░░░░░░░░░░░░░░░  38%  Capturing frame 4068/13561 (6 workers)
  █████████░░░░░░░░░░░░░░░░  39%  Capturing frame 4077/13561 (6 workers)
  █████████░░░░░░░░░░░░░░░░  39%  Capturing frame 4085/13561 (6 workers)
  █████████░░░░░░░░░░░░░░░░  39%  Capturing frame 4092/13561 (6 workers)
  █████████░░░░░░░░░░░░░░░░  39%  Capturing frame 4101/13561 (6 workers)
  █████████░░░░░░░░░░░░░░░░  39%  Capturing frame 4110/13561 (6 workers)
  █████████░░░░░░░░░░░░░░░░  39%  Capturing frame 4121/13561 (6 workers)
  █████████░░░░░░░░░░░░░░░░  39%  Capturing frame 4129/13561 (6 workers)
  █████████░░░░░░░░░░░░░░░░  39%  Capturing frame 4140/13561 (6 workers)
  █████████░░░░░░░░░░░░░░░░  39%  Capturing frame 4147/13561 (6 workers)
  █████████░░░░░░░░░░░░░░░░  39%  Capturing frame 4157/13561 (6 workers)
  █████████░░░░░░░░░░░░░░░░  39%  Capturing frame 4165/13561 (6 workers)
  █████████░░░░░░░░░░░░░░░░  39%  Capturing frame 4175/13561 (6 workers)
  █████████░░░░░░░░░░░░░░░░  39%  Capturing frame 4183/13561 (6 workers)
  █████████░░░░░░░░░░░░░░░░  39%  Capturing frame 4194/13561 (6 workers)
  █████████░░░░░░░░░░░░░░░░  39%  Capturing frame 4201/13561 (6 workers)
  █████████░░░░░░░░░░░░░░░░  39%  Capturing frame 4211/13561 (6 workers)
  █████████░░░░░░░░░░░░░░░░  39%  Capturing frame 4219/13561 (6 workers)
  █████████░░░░░░░░░░░░░░░░  39%  Capturing frame 4227/13561 (6 workers)
  █████████░░░░░░░░░░░░░░░░  39%  Capturing frame 4237/13561 (6 workers)
  █████████░░░░░░░░░░░░░░░░  39%  Capturing frame 4244/13561 (6 workers)
  █████████░░░░░░░░░░░░░░░░  39%  Capturing frame 4254/13561 (6 workers)
  █████████░░░░░░░░░░░░░░░░  39%  Capturing frame 4265/13561 (6 workers)
  █████████░░░░░░░░░░░░░░░░  39%  Capturing frame 4274/13561 (6 workers)
  █████████░░░░░░░░░░░░░░░░  39%  Capturing frame 4283/13561 (6 workers)
  █████████░░░░░░░░░░░░░░░░  39%  Capturing frame 4292/13561 (6 workers)
  █████████░░░░░░░░░░░░░░░░  39%  Capturing frame 4301/13561 (6 workers)
  █████████░░░░░░░░░░░░░░░░  39%  Capturing frame 4309/13561 (6 workers)
  █████████░░░░░░░░░░░░░░░░  39%  Capturing frame 4319/13561 (6 workers)
  █████████░░░░░░░░░░░░░░░░  39%  Capturing frame 4326/13561 (6 workers)
  █████████░░░░░░░░░░░░░░░░  39%  Capturing frame 4336/13561 (6 workers)
  █████████░░░░░░░░░░░░░░░░  39%  Capturing frame 4345/13561 (6 workers)
  █████████░░░░░░░░░░░░░░░░  39%  Capturing frame 4354/13561 (6 workers)
  █████████░░░░░░░░░░░░░░░░  39%  Capturing frame 4363/13561 (6 workers)
  ██████████░░░░░░░░░░░░░░░  40%  Capturing frame 4373/13561 (6 workers)
  ██████████░░░░░░░░░░░░░░░  40%  Capturing frame 4381/13561 (6 workers)
  ██████████░░░░░░░░░░░░░░░  40%  Capturing frame 4388/13561 (6 workers)
  ██████████░░░░░░░░░░░░░░░  40%  Capturing frame 4398/13561 (6 workers)
  ██████████░░░░░░░░░░░░░░░  40%  Capturing frame 4406/13561 (6 workers)
  ██████████░░░░░░░░░░░░░░░  40%  Capturing frame 4416/13561 (6 workers)
  ██████████░░░░░░░░░░░░░░░  40%  Capturing frame 4425/13561 (6 workers)
  ██████████░░░░░░░░░░░░░░░  40%  Capturing frame 4435/13561 (6 workers)
  ██████████░░░░░░░░░░░░░░░  40%  Capturing frame 4443/13561 (6 workers)
  ██████████░░░░░░░░░░░░░░░  40%  Capturing frame 4454/13561 (6 workers)
  ██████████░░░░░░░░░░░░░░░  40%  Capturing frame 4461/13561 (6 workers)
  ██████████░░░░░░░░░░░░░░░  40%  Capturing frame 4471/13561 (6 workers)
  ██████████░░░░░░░░░░░░░░░  40%  Capturing frame 4479/13561 (6 workers)
  ██████████░░░░░░░░░░░░░░░  40%  Capturing frame 4489/13561 (6 workers)
  ██████████░░░░░░░░░░░░░░░  40%  Capturing frame 4497/13561 (6 workers)
  ██████████░░░░░░░░░░░░░░░  40%  Capturing frame 4507/13561 (6 workers)
  ██████████░░░░░░░░░░░░░░░  40%  Capturing frame 4516/13561 (6 workers)
  ██████████░░░░░░░░░░░░░░░  40%  Capturing frame 4526/13561 (6 workers)
  ██████████░░░░░░░░░░░░░░░  40%  Capturing frame 4533/13561 (6 workers)
  ██████████░░░░░░░░░░░░░░░  40%  Capturing frame 4540/13561 (6 workers)
  ██████████░░░░░░░░░░░░░░░  40%  Capturing frame 4549/13561 (6 workers)
  ██████████░░░░░░░░░░░░░░░  40%  Capturing frame 4557/13561 (6 workers)
  ██████████░░░░░░░░░░░░░░░  40%  Capturing frame 4564/13561 (6 workers)
  ██████████░░░░░░░░░░░░░░░  40%  Capturing frame 4572/13561 (6 workers)
  ██████████░░░░░░░░░░░░░░░  40%  Capturing frame 4580/13561 (6 workers)
  ██████████░░░░░░░░░░░░░░░  40%  Capturing frame 4590/13561 (6 workers)
  ██████████░░░░░░░░░░░░░░░  40%  Capturing frame 4600/13561 (6 workers)
  ██████████░░░░░░░░░░░░░░░  40%  Capturing frame 4609/13561 (6 workers)
  ██████████░░░░░░░░░░░░░░░  40%  Capturing frame 4619/13561 (6 workers)
  ██████████░░░░░░░░░░░░░░░  40%  Capturing frame 4626/13561 (6 workers)
  ██████████░░░░░░░░░░░░░░░  40%  Capturing frame 4633/13561 (6 workers)
  ██████████░░░░░░░░░░░░░░░  40%  Capturing frame 4646/13561 (6 workers)
  ██████████░░░░░░░░░░░░░░░  40%  Capturing frame 4654/13561 (6 workers)
  ██████████░░░░░░░░░░░░░░░  40%  Capturing frame 4664/13561 (6 workers)
  ██████████░░░░░░░░░░░░░░░  41%  Capturing frame 4672/13561 (6 workers)
  ██████████░░░░░░░░░░░░░░░  41%  Capturing frame 4682/13561 (6 workers)
  ██████████░░░░░░░░░░░░░░░  41%  Capturing frame 4690/13561 (6 workers)
  ██████████░░░░░░░░░░░░░░░  41%  Capturing frame 4700/13561 (6 workers)
  ██████████░░░░░░░░░░░░░░░  41%  Capturing frame 4708/13561 (6 workers)
  ██████████░░░░░░░░░░░░░░░  41%  Capturing frame 4721/13561 (6 workers)
  ██████████░░░░░░░░░░░░░░░  41%  Capturing frame 4732/13561 (6 workers)
  ██████████░░░░░░░░░░░░░░░  41%  Capturing frame 4742/13561 (6 workers)
  ██████████░░░░░░░░░░░░░░░  41%  Capturing frame 4750/13561 (6 workers)
  ██████████░░░░░░░░░░░░░░░  41%  Capturing frame 4760/13561 (6 workers)
  ██████████░░░░░░░░░░░░░░░  41%  Capturing frame 4771/13561 (6 workers)
  ██████████░░░░░░░░░░░░░░░  41%  Capturing frame 4778/13561 (6 workers)
  ██████████░░░░░░░░░░░░░░░  41%  Capturing frame 4788/13561 (6 workers)
  ██████████░░░░░░░░░░░░░░░  41%  Capturing frame 4796/13561 (6 workers)
  ██████████░░░░░░░░░░░░░░░  41%  Capturing frame 4805/13561 (6 workers)
  ██████████░░░░░░░░░░░░░░░  41%  Capturing frame 4813/13561 (6 workers)
  ██████████░░░░░░░░░░░░░░░  41%  Capturing frame 4820/13561 (6 workers)
  ██████████░░░░░░░░░░░░░░░  41%  Capturing frame 4830/13561 (6 workers)
  ██████████░░░░░░░░░░░░░░░  41%  Capturing frame 4838/13561 (6 workers)
  ██████████░░░░░░░░░░░░░░░  41%  Capturing frame 4850/13561 (6 workers)
  ██████████░░░░░░░░░░░░░░░  41%  Capturing frame 4859/13561 (6 workers)
  ██████████░░░░░░░░░░░░░░░  41%  Capturing frame 4870/13561 (6 workers)
  ██████████░░░░░░░░░░░░░░░  41%  Capturing frame 4877/13561 (6 workers)
  ██████████░░░░░░░░░░░░░░░  41%  Capturing frame 4890/13561 (6 workers)
  ██████████░░░░░░░░░░░░░░░  41%  Capturing frame 4898/13561 (6 workers)
  ██████████░░░░░░░░░░░░░░░  41%  Capturing frame 4910/13561 (6 workers)
  ██████████░░░░░░░░░░░░░░░  41%  Capturing frame 4921/13561 (6 workers)
  ██████████░░░░░░░░░░░░░░░  41%  Capturing frame 4931/13561 (6 workers)
  ██████████░░░░░░░░░░░░░░░  41%  Capturing frame 4944/13561 (6 workers)
  ██████████░░░░░░░░░░░░░░░  41%  Capturing frame 4952/13561 (6 workers)
  ██████████░░░░░░░░░░░░░░░  41%  Capturing frame 4962/13561 (6 workers)
  ██████████░░░░░░░░░░░░░░░  41%  Capturing frame 4972/13561 (6 workers)
  ██████████░░░░░░░░░░░░░░░  42%  Capturing frame 4981/13561 (6 workers)
  ██████████░░░░░░░░░░░░░░░  42%  Capturing frame 4991/13561 (6 workers)
  ██████████░░░░░░░░░░░░░░░  42%  Capturing frame 5001/13561 (6 workers)
  ██████████░░░░░░░░░░░░░░░  42%  Capturing frame 5011/13561 (6 workers)
  ██████████░░░░░░░░░░░░░░░  42%  Capturing frame 5063/13561 (6 workers)
  ██████████░░░░░░░░░░░░░░░  42%  Capturing frame 5082/13561 (6 workers)
  ██████████░░░░░░░░░░░░░░░  42%  Capturing frame 5090/13561 (6 workers)
  ██████████░░░░░░░░░░░░░░░  42%  Capturing frame 5102/13561 (6 workers)
  ██████████░░░░░░░░░░░░░░░  42%  Capturing frame 5114/13561 (6 workers)
  ██████████░░░░░░░░░░░░░░░  42%  Capturing frame 5126/13561 (6 workers)
  ██████████░░░░░░░░░░░░░░░  42%  Capturing frame 5138/13561 (6 workers)
  ██████████░░░░░░░░░░░░░░░  42%  Capturing frame 5150/13561 (6 workers)
  ██████████░░░░░░░░░░░░░░░  42%  Capturing frame 5161/13561 (6 workers)
  ██████████░░░░░░░░░░░░░░░  42%  Capturing frame 5172/13561 (6 workers)
  ██████████░░░░░░░░░░░░░░░  42%  Capturing frame 5184/13561 (6 workers)
  ██████████░░░░░░░░░░░░░░░  42%  Capturing frame 5196/13561 (6 workers)
  ██████████░░░░░░░░░░░░░░░  42%  Capturing frame 5208/13561 (6 workers)
  ██████████░░░░░░░░░░░░░░░  42%  Capturing frame 5219/13561 (6 workers)
  ██████████░░░░░░░░░░░░░░░  42%  Capturing frame 5227/13561 (6 workers)
  ██████████░░░░░░░░░░░░░░░  42%  Capturing frame 5238/13561 (6 workers)
  ██████████░░░░░░░░░░░░░░░  42%  Capturing frame 5247/13561 (6 workers)
  ██████████░░░░░░░░░░░░░░░  42%  Capturing frame 5259/13561 (6 workers)
  ██████████░░░░░░░░░░░░░░░  42%  Capturing frame 5271/13561 (6 workers)
  ██████████░░░░░░░░░░░░░░░  43%  Capturing frame 5282/13561 (6 workers)
  ██████████░░░░░░░░░░░░░░░  43%  Capturing frame 5294/13561 (6 workers)
  ██████████░░░░░░░░░░░░░░░  43%  Capturing frame 5306/13561 (6 workers)
  ██████████░░░░░░░░░░░░░░░  43%  Capturing frame 5318/13561 (6 workers)
  ██████████░░░░░░░░░░░░░░░  43%  Capturing frame 5330/13561 (6 workers)
  ██████████░░░░░░░░░░░░░░░  43%  Capturing frame 5342/13561 (6 workers)
  ██████████░░░░░░░░░░░░░░░  43%  Capturing frame 5354/13561 (6 workers)
  ██████████░░░░░░░░░░░░░░░  43%  Capturing frame 5366/13561 (6 workers)
  ██████████░░░░░░░░░░░░░░░  43%  Capturing frame 5378/13561 (6 workers)
  ██████████░░░░░░░░░░░░░░░  43%  Capturing frame 5390/13561 (6 workers)
  ██████████░░░░░░░░░░░░░░░  43%  Capturing frame 5402/13561 (6 workers)
  ██████████░░░░░░░░░░░░░░░  43%  Capturing frame 5413/13561 (6 workers)
  ██████████░░░░░░░░░░░░░░░  43%  Capturing frame 5425/13561 (6 workers)
  ██████████░░░░░░░░░░░░░░░  43%  Capturing frame 5436/13561 (6 workers)
  ██████████░░░░░░░░░░░░░░░  43%  Capturing frame 5446/13561 (6 workers)
  ██████████░░░░░░░░░░░░░░░  43%  Capturing frame 5458/13561 (6 workers)
  ██████████░░░░░░░░░░░░░░░  43%  Capturing frame 5470/13561 (6 workers)
  ██████████░░░░░░░░░░░░░░░  43%  Capturing frame 5482/13561 (6 workers)
  ██████████░░░░░░░░░░░░░░░  43%  Capturing frame 5494/13561 (6 workers)
  ██████████░░░░░░░░░░░░░░░  43%  Capturing frame 5506/13561 (6 workers)
  ██████████░░░░░░░░░░░░░░░  43%  Capturing frame 5518/13561 (6 workers)
  ██████████░░░░░░░░░░░░░░░  43%  Capturing frame 5530/13561 (6 workers)
  ██████████░░░░░░░░░░░░░░░  43%  Capturing frame 5541/13561 (6 workers)
  ██████████░░░░░░░░░░░░░░░  43%  Capturing frame 5552/13561 (6 workers)
  ██████████░░░░░░░░░░░░░░░  43%  Capturing frame 5564/13561 (6 workers)
  ███████████░░░░░░░░░░░░░░  44%  Capturing frame 5576/13561 (6 workers)
  ███████████░░░░░░░░░░░░░░  44%  Capturing frame 5588/13561 (6 workers)
  ███████████░░░░░░░░░░░░░░  44%  Capturing frame 5600/13561 (6 workers)
  ███████████░░░░░░░░░░░░░░  44%  Capturing frame 5612/13561 (6 workers)
  ███████████░░░░░░░░░░░░░░  44%  Capturing frame 5624/13561 (6 workers)
  ███████████░░░░░░░░░░░░░░  44%  Capturing frame 5637/13561 (6 workers)
  ███████████░░░░░░░░░░░░░░  44%  Capturing frame 5647/13561 (6 workers)
  ███████████░░░░░░░░░░░░░░  44%  Capturing frame 5659/13561 (6 workers)
  ███████████░░░░░░░░░░░░░░  44%  Capturing frame 5671/13561 (6 workers)
  ███████████░░░░░░░░░░░░░░  44%  Capturing frame 5683/13561 (6 workers)
  ███████████░░░░░░░░░░░░░░  44%  Capturing frame 5695/13561 (6 workers)
  ███████████░░░░░░░░░░░░░░  44%  Capturing frame 5707/13561 (6 workers)
  ███████████░░░░░░░░░░░░░░  44%  Capturing frame 5718/13561 (6 workers)
  ███████████░░░░░░░░░░░░░░  44%  Capturing frame 5725/13561 (6 workers)
  ███████████░░░░░░░░░░░░░░  44%  Capturing frame 5737/13561 (6 workers)
  ███████████░░░░░░░░░░░░░░  44%  Capturing frame 5749/13561 (6 workers)
  ███████████░░░░░░░░░░░░░░  44%  Capturing frame 5761/13561 (6 workers)
  ███████████░░░░░░░░░░░░░░  44%  Capturing frame 5773/13561 (6 workers)
  ███████████░░░░░░░░░░░░░░  44%  Capturing frame 5780/13561 (6 workers)
  ███████████░░░░░░░░░░░░░░  44%  Capturing frame 5792/13561 (6 workers)
  ███████████░░░░░░░░░░░░░░  44%  Capturing frame 5804/13561 (6 workers)
  ███████████░░░░░░░░░░░░░░  44%  Capturing frame 5815/13561 (6 workers)
  ███████████░░░░░░░░░░░░░░  44%  Capturing frame 5824/13561 (6 workers)
  ███████████░░░░░░░░░░░░░░  44%  Capturing frame 5836/13561 (6 workers)
  ███████████░░░░░░░░░░░░░░  44%  Capturing frame 5848/13561 (6 workers)
  ███████████░░░░░░░░░░░░░░  44%  Capturing frame 5860/13561 (6 workers)
  ███████████░░░░░░░░░░░░░░  44%  Capturing frame 5872/13561 (6 workers)
  ███████████░░░░░░░░░░░░░░  45%  Capturing frame 5884/13561 (6 workers)
  ███████████░░░░░░░░░░░░░░  45%  Capturing frame 5896/13561 (6 workers)
  ███████████░░░░░░░░░░░░░░  45%  Capturing frame 5908/13561 (6 workers)
  ███████████░░░░░░░░░░░░░░  45%  Capturing frame 5919/13561 (6 workers)
  ███████████░░░░░░░░░░░░░░  45%  Capturing frame 5931/13561 (6 workers)
  ███████████░░░░░░░░░░░░░░  45%  Capturing frame 5943/13561 (6 workers)
  ███████████░░░░░░░░░░░░░░  45%  Capturing frame 5954/13561 (6 workers)
  ███████████░░░░░░░░░░░░░░  45%  Capturing frame 5966/13561 (6 workers)
  ███████████░░░░░░░░░░░░░░  45%  Capturing frame 5977/13561 (6 workers)
  ███████████░░░░░░░░░░░░░░  45%  Capturing frame 5989/13561 (6 workers)
  ███████████░░░░░░░░░░░░░░  45%  Capturing frame 6001/13561 (6 workers)
  ███████████░░░░░░░░░░░░░░  45%  Capturing frame 6013/13561 (6 workers)
  ███████████░░░░░░░░░░░░░░  45%  Capturing frame 6025/13561 (6 workers)
  ███████████░░░░░░░░░░░░░░  45%  Capturing frame 6037/13561 (6 workers)
  ███████████░░░░░░░░░░░░░░  45%  Capturing frame 6049/13561 (6 workers)
  ███████████░░░░░░░░░░░░░░  45%  Capturing frame 6060/13561 (6 workers)
  ███████████░░░░░░░░░░░░░░  45%  Capturing frame 6072/13561 (6 workers)
  ███████████░░░░░░░░░░░░░░  45%  Capturing frame 6084/13561 (6 workers)
  ███████████░░░░░░░░░░░░░░  45%  Capturing frame 6096/13561 (6 workers)
  ███████████░░░░░░░░░░░░░░  45%  Capturing frame 6108/13561 (6 workers)
  ███████████░░░░░░░░░░░░░░  45%  Capturing frame 6120/13561 (6 workers)
  ███████████░░░░░░░░░░░░░░  45%  Capturing frame 6132/13561 (6 workers)
  ███████████░░░░░░░░░░░░░░  45%  Capturing frame 6144/13561 (6 workers)
  ███████████░░░░░░░░░░░░░░  45%  Capturing frame 6156/13561 (6 workers)
  ███████████░░░░░░░░░░░░░░  45%  Capturing frame 6168/13561 (6 workers)
  ███████████░░░░░░░░░░░░░░  46%  Capturing frame 6180/13561 (6 workers)
  ███████████░░░░░░░░░░░░░░  46%  Capturing frame 6192/13561 (6 workers)
  ███████████░░░░░░░░░░░░░░  46%  Capturing frame 6204/13561 (6 workers)
  ███████████░░░░░░░░░░░░░░  46%  Capturing frame 6216/13561 (6 workers)
  ███████████░░░░░░░░░░░░░░  46%  Capturing frame 6227/13561 (6 workers)
  ███████████░░░░░░░░░░░░░░  46%  Capturing frame 6239/13561 (6 workers)
  ███████████░░░░░░░░░░░░░░  46%  Capturing frame 6251/13561 (6 workers)
  ███████████░░░░░░░░░░░░░░  46%  Capturing frame 6263/13561 (6 workers)
  ███████████░░░░░░░░░░░░░░  46%  Capturing frame 6275/13561 (6 workers)
  ███████████░░░░░░░░░░░░░░  46%  Capturing frame 6287/13561 (6 workers)
  ███████████░░░░░░░░░░░░░░  46%  Capturing frame 6299/13561 (6 workers)
  ███████████░░░░░░░░░░░░░░  46%  Capturing frame 6311/13561 (6 workers)
  ███████████░░░░░░░░░░░░░░  46%  Capturing frame 6323/13561 (6 workers)
  ███████████░░░░░░░░░░░░░░  46%  Capturing frame 6334/13561 (6 workers)
  ███████████░░░░░░░░░░░░░░  46%  Capturing frame 6346/13561 (6 workers)
  ███████████░░░░░░░░░░░░░░  46%  Capturing frame 6358/13561 (6 workers)
  ███████████░░░░░░░░░░░░░░  46%  Capturing frame 6370/13561 (6 workers)
  ███████████░░░░░░░░░░░░░░  46%  Capturing frame 6382/13561 (6 workers)
  ███████████░░░░░░░░░░░░░░  46%  Capturing frame 6394/13561 (6 workers)
  ███████████░░░░░░░░░░░░░░  46%  Capturing frame 6407/13561 (6 workers)
  ███████████░░░░░░░░░░░░░░  46%  Capturing frame 6419/13561 (6 workers)
  ███████████░░░░░░░░░░░░░░  46%  Capturing frame 6431/13561 (6 workers)
  ███████████░░░░░░░░░░░░░░  46%  Capturing frame 6443/13561 (6 workers)
  ███████████░░░░░░░░░░░░░░  46%  Capturing frame 6455/13561 (6 workers)
  ███████████░░░░░░░░░░░░░░  46%  Capturing frame 6467/13561 (6 workers)
  ███████████░░░░░░░░░░░░░░  46%  Capturing frame 6479/13561 (6 workers)
  ███████████░░░░░░░░░░░░░░  47%  Capturing frame 6491/13561 (6 workers)
  ███████████░░░░░░░░░░░░░░  47%  Capturing frame 6504/13561 (6 workers)
  ███████████░░░░░░░░░░░░░░  47%  Capturing frame 6516/13561 (6 workers)
  ███████████░░░░░░░░░░░░░░  47%  Capturing frame 6528/13561 (6 workers)
  ███████████░░░░░░░░░░░░░░  47%  Capturing frame 6540/13561 (6 workers)
  ███████████░░░░░░░░░░░░░░  47%  Capturing frame 6551/13561 (6 workers)
  ███████████░░░░░░░░░░░░░░  47%  Capturing frame 6563/13561 (6 workers)
  ███████████░░░░░░░░░░░░░░  47%  Capturing frame 6575/13561 (6 workers)
  ███████████░░░░░░░░░░░░░░  47%  Capturing frame 6586/13561 (6 workers)
  ███████████░░░░░░░░░░░░░░  47%  Capturing frame 6597/13561 (6 workers)
  ███████████░░░░░░░░░░░░░░  47%  Capturing frame 6609/13561 (6 workers)
  ███████████░░░░░░░░░░░░░░  47%  Capturing frame 6621/13561 (6 workers)
  ███████████░░░░░░░░░░░░░░  47%  Capturing frame 6632/13561 (6 workers)
  ███████████░░░░░░░░░░░░░░  47%  Capturing frame 6644/13561 (6 workers)
  ███████████░░░░░░░░░░░░░░  47%  Capturing frame 6656/13561 (6 workers)
  ███████████░░░░░░░░░░░░░░  47%  Capturing frame 6668/13561 (6 workers)
  ███████████░░░░░░░░░░░░░░  47%  Capturing frame 6679/13561 (6 workers)
  ███████████░░░░░░░░░░░░░░  47%  Capturing frame 6691/13561 (6 workers)
  ███████████░░░░░░░░░░░░░░  47%  Capturing frame 6723/13561 (6 workers)
  ███████████░░░░░░░░░░░░░░  47%  Capturing frame 6763/13561 (6 workers)
  ███████████░░░░░░░░░░░░░░  47%  Capturing frame 6774/13561 (6 workers)
  ████████████░░░░░░░░░░░░░  48%  Capturing frame 6786/13561 (6 workers)
  ████████████░░░░░░░░░░░░░  48%  Capturing frame 6798/13561 (6 workers)
  ████████████░░░░░░░░░░░░░  48%  Capturing frame 6810/13561 (6 workers)
  ████████████░░░░░░░░░░░░░  48%  Capturing frame 6822/13561 (6 workers)
  ████████████░░░░░░░░░░░░░  48%  Capturing frame 6834/13561 (6 workers)
  ████████████░░░░░░░░░░░░░  48%  Capturing frame 6846/13561 (6 workers)
  ████████████░░░░░░░░░░░░░  48%  Capturing frame 6858/13561 (6 workers)
  ████████████░░░░░░░░░░░░░  48%  Capturing frame 6870/13561 (6 workers)
  ████████████░░░░░░░░░░░░░  48%  Capturing frame 6881/13561 (6 workers)
  ████████████░░░░░░░░░░░░░  48%  Capturing frame 6892/13561 (6 workers)
  ████████████░░░░░░░░░░░░░  48%  Capturing frame 6904/13561 (6 workers)
  ████████████░░░░░░░░░░░░░  48%  Capturing frame 6915/13561 (6 workers)
  ████████████░░░░░░░░░░░░░  48%  Capturing frame 6927/13561 (6 workers)
  ████████████░░░░░░░░░░░░░  48%  Capturing frame 6939/13561 (6 workers)
  ████████████░░░░░░░░░░░░░  48%  Capturing frame 6951/13561 (6 workers)
  ████████████░░░░░░░░░░░░░  48%  Capturing frame 6963/13561 (6 workers)
  ████████████░░░░░░░░░░░░░  48%  Capturing frame 6975/13561 (6 workers)
  ████████████░░░░░░░░░░░░░  48%  Capturing frame 6986/13561 (6 workers)
  ████████████░░░░░░░░░░░░░  48%  Capturing frame 6998/13561 (6 workers)
  ████████████░░░░░░░░░░░░░  48%  Capturing frame 7010/13561 (6 workers)
  ████████████░░░░░░░░░░░░░  48%  Capturing frame 7021/13561 (6 workers)
  ████████████░░░░░░░░░░░░░  48%  Capturing frame 7033/13561 (6 workers)
  ████████████░░░░░░░░░░░░░  48%  Capturing frame 7045/13561 (6 workers)
  ████████████░░░░░░░░░░░░░  48%  Capturing frame 7057/13561 (6 workers)
  ████████████░░░░░░░░░░░░░  48%  Capturing frame 7069/13561 (6 workers)
  ████████████░░░░░░░░░░░░░  48%  Capturing frame 7081/13561 (6 workers)
  ████████████░░░░░░░░░░░░░  49%  Capturing frame 7093/13561 (6 workers)
  ████████████░░░░░░░░░░░░░  49%  Capturing frame 7105/13561 (6 workers)
  ████████████░░░░░░░░░░░░░  49%  Capturing frame 7107/13561 (6 workers)
  ████████████░░░░░░░░░░░░░  49%  Capturing frame 7108/13561 (6 workers)
  ████████████░░░░░░░░░░░░░  49%  Capturing frame 7114/13561 (6 workers)
  ████████████░░░░░░░░░░░░░  49%  Capturing frame 7125/13561 (6 workers)
  ████████████░░░░░░░░░░░░░  49%  Capturing frame 7137/13561 (6 workers)
  ████████████░░░░░░░░░░░░░  49%  Capturing frame 7148/13561 (6 workers)
  ████████████░░░░░░░░░░░░░  49%  Capturing frame 7160/13561 (6 workers)
  ████████████░░░░░░░░░░░░░  49%  Capturing frame 7171/13561 (6 workers)
  ████████████░░░░░░░░░░░░░  49%  Capturing frame 7183/13561 (6 workers)
  ████████████░░░░░░░░░░░░░  49%  Capturing frame 7195/13561 (6 workers)
  ████████████░░░░░░░░░░░░░  49%  Capturing frame 7207/13561 (6 workers)
  ████████████░░░░░░░░░░░░░  49%  Capturing frame 7219/13561 (6 workers)
  ████████████░░░░░░░░░░░░░  49%  Capturing frame 7231/13561 (6 workers)
  ████████████░░░░░░░░░░░░░  49%  Capturing frame 7243/13561 (6 workers)
  ████████████░░░░░░░░░░░░░  49%  Capturing frame 7255/13561 (6 workers)
  ████████████░░░░░░░░░░░░░  49%  Capturing frame 7267/13561 (6 workers)
  ████████████░░░░░░░░░░░░░  49%  Capturing frame 7279/13561 (6 workers)
  ████████████░░░░░░░░░░░░░  49%  Capturing frame 7291/13561 (6 workers)
  ████████████░░░░░░░░░░░░░  49%  Capturing frame 7303/13561 (6 workers)
  ████████████░░░░░░░░░░░░░  49%  Capturing frame 7315/13561 (6 workers)
  ████████████░░░░░░░░░░░░░  49%  Capturing frame 7327/13561 (6 workers)
  ████████████░░░░░░░░░░░░░  49%  Capturing frame 7339/13561 (6 workers)
  ████████████░░░░░░░░░░░░░  49%  Capturing frame 7351/13561 (6 workers)
  ████████████░░░░░░░░░░░░░  49%  Capturing frame 7363/13561 (6 workers)
  ████████████░░░░░░░░░░░░░  49%  Capturing frame 7375/13561 (6 workers)
  ████████████░░░░░░░░░░░░░  50%  Capturing frame 7387/13561 (6 workers)
  ████████████░░░░░░░░░░░░░  50%  Capturing frame 7399/13561 (6 workers)
  ████████████░░░░░░░░░░░░░  50%  Capturing frame 7411/13561 (6 workers)
  ████████████░░░░░░░░░░░░░  50%  Capturing frame 7423/13561 (6 workers)
  ████████████░░░░░░░░░░░░░  50%  Capturing frame 7435/13561 (6 workers)
  ████████████░░░░░░░░░░░░░  50%  Capturing frame 7446/13561 (6 workers)
  ████████████░░░░░░░░░░░░░  50%  Capturing frame 7455/13561 (6 workers)
  ████████████░░░░░░░░░░░░░  50%  Capturing frame 7466/13561 (6 workers)
  ████████████░░░░░░░░░░░░░  50%  Capturing frame 7473/13561 (6 workers)
  ████████████░░░░░░░░░░░░░  50%  Capturing frame 7483/13561 (6 workers)
  ████████████░░░░░░░░░░░░░  50%  Capturing frame 7491/13561 (6 workers)
  ████████████░░░░░░░░░░░░░  50%  Capturing frame 7502/13561 (6 workers)
  ████████████░░░░░░░░░░░░░  50%  Capturing frame 7511/13561 (6 workers)
  ████████████░░░░░░░░░░░░░  50%  Capturing frame 7521/13561 (6 workers)
  ████████████░░░░░░░░░░░░░  50%  Capturing frame 7533/13561 (6 workers)
  ████████████░░░░░░░░░░░░░  50%  Capturing frame 7545/13561 (6 workers)
  ████████████░░░░░░░░░░░░░  50%  Capturing frame 7557/13561 (6 workers)
  ████████████░░░░░░░░░░░░░  50%  Capturing frame 7569/13561 (6 workers)
  ████████████░░░░░░░░░░░░░  50%  Capturing frame 7581/13561 (6 workers)
  ████████████░░░░░░░░░░░░░  50%  Capturing frame 7593/13561 (6 workers)
  ████████████░░░░░░░░░░░░░  50%  Capturing frame 7605/13561 (6 workers)
  ████████████░░░░░░░░░░░░░  50%  Capturing frame 7617/13561 (6 workers)
  ████████████░░░░░░░░░░░░░  50%  Capturing frame 7629/13561 (6 workers)
  ████████████░░░░░░░░░░░░░  50%  Capturing frame 7641/13561 (6 workers)
  ████████████░░░░░░░░░░░░░  50%  Capturing frame 7652/13561 (6 workers)
  ████████████░░░░░░░░░░░░░  50%  Capturing frame 7664/13561 (6 workers)
  ████████████░░░░░░░░░░░░░  50%  Capturing frame 7676/13561 (6 workers)
  ████████████░░░░░░░░░░░░░  51%  Capturing frame 7688/13561 (6 workers)
  ████████████░░░░░░░░░░░░░  51%  Capturing frame 7700/13561 (6 workers)
  ████████████░░░░░░░░░░░░░  51%  Capturing frame 7712/13561 (6 workers)
  ████████████░░░░░░░░░░░░░  51%  Capturing frame 7724/13561 (6 workers)
  ████████████░░░░░░░░░░░░░  51%  Capturing frame 7736/13561 (6 workers)
  ████████████░░░░░░░░░░░░░  51%  Capturing frame 7748/13561 (6 workers)
  ████████████░░░░░░░░░░░░░  51%  Capturing frame 7761/13561 (6 workers)
  ████████████░░░░░░░░░░░░░  51%  Capturing frame 7773/13561 (6 workers)
  ████████████░░░░░░░░░░░░░  51%  Capturing frame 7784/13561 (6 workers)
  ████████████░░░░░░░░░░░░░  51%  Capturing frame 7796/13561 (6 workers)
  ████████████░░░░░░░░░░░░░  51%  Capturing frame 7808/13561 (6 workers)
  ████████████░░░░░░░░░░░░░  51%  Capturing frame 7828/13561 (6 workers)
  ████████████░░░░░░░░░░░░░  51%  Capturing frame 7872/13561 (6 workers)
  ████████████░░░░░░░░░░░░░  51%  Capturing frame 7903/13561 (6 workers)
  ████████████░░░░░░░░░░░░░  51%  Capturing frame 7915/13561 (6 workers)
  ████████████░░░░░░░░░░░░░  51%  Capturing frame 7926/13561 (6 workers)
  ████████████░░░░░░░░░░░░░  51%  Capturing frame 7938/13561 (6 workers)
  ████████████░░░░░░░░░░░░░  51%  Capturing frame 7949/13561 (6 workers)
  ████████████░░░░░░░░░░░░░  51%  Capturing frame 7961/13561 (6 workers)
  ████████████░░░░░░░░░░░░░  51%  Capturing frame 7973/13561 (6 workers)
  ████████████░░░░░░░░░░░░░  51%  Capturing frame 7985/13561 (6 workers)
  █████████████░░░░░░░░░░░░  52%  Capturing frame 7990/13561 (6 workers)
  █████████████░░░░░░░░░░░░  52%  Capturing frame 7991/13561 (6 workers)
  █████████████░░░░░░░░░░░░  52%  Capturing frame 8005/13561 (6 workers)
  █████████████░░░░░░░░░░░░  52%  Capturing frame 8016/13561 (6 workers)
  █████████████░░░░░░░░░░░░  52%  Capturing frame 8027/13561 (6 workers)
  █████████████░░░░░░░░░░░░  52%  Capturing frame 8039/13561 (6 workers)
  █████████████░░░░░░░░░░░░  52%  Capturing frame 8051/13561 (6 workers)
  █████████████░░░░░░░░░░░░  52%  Capturing frame 8063/13561 (6 workers)
  █████████████░░░░░░░░░░░░  52%  Capturing frame 8075/13561 (6 workers)
  █████████████░░░░░░░░░░░░  52%  Capturing frame 8088/13561 (6 workers)
  █████████████░░░░░░░░░░░░  52%  Capturing frame 8100/13561 (6 workers)
  █████████████░░░░░░░░░░░░  52%  Capturing frame 8112/13561 (6 workers)
  █████████████░░░░░░░░░░░░  52%  Capturing frame 8123/13561 (6 workers)
  █████████████░░░░░░░░░░░░  52%  Capturing frame 8134/13561 (6 workers)
  █████████████░░░░░░░░░░░░  52%  Capturing frame 8145/13561 (6 workers)
  █████████████░░░░░░░░░░░░  52%  Capturing frame 8157/13561 (6 workers)
  █████████████░░░░░░░░░░░░  52%  Capturing frame 8169/13561 (6 workers)
  █████████████░░░░░░░░░░░░  52%  Capturing frame 8181/13561 (6 workers)
  █████████████░░░░░░░░░░░░  52%  Capturing frame 8193/13561 (6 workers)
  █████████████░░░░░░░░░░░░  52%  Capturing frame 8205/13561 (6 workers)
  █████████████░░░░░░░░░░░░  52%  Capturing frame 8217/13561 (6 workers)
  █████████████░░░░░░░░░░░░  52%  Capturing frame 8229/13561 (6 workers)
  █████████████░░░░░░░░░░░░  52%  Capturing frame 8241/13561 (6 workers)
  █████████████░░░░░░░░░░░░  52%  Capturing frame 8253/13561 (6 workers)
  █████████████░░░░░░░░░░░░  52%  Capturing frame 8265/13561 (6 workers)
  █████████████░░░░░░░░░░░░  52%  Capturing frame 8279/13561 (6 workers)
  █████████████░░░░░░░░░░░░  53%  Capturing frame 8325/13561 (6 workers)
  █████████████░░░░░░░░░░░░  53%  Capturing frame 8354/13561 (6 workers)
  █████████████░░░░░░░░░░░░  53%  Capturing frame 8365/13561 (6 workers)
  █████████████░░░░░░░░░░░░  53%  Capturing frame 8377/13561 (6 workers)
  █████████████░░░░░░░░░░░░  53%  Capturing frame 8385/13561 (6 workers)
  █████████████░░░░░░░░░░░░  53%  Capturing frame 8395/13561 (6 workers)
  █████████████░░░░░░░░░░░░  53%  Capturing frame 8404/13561 (6 workers)
  █████████████░░░░░░░░░░░░  53%  Capturing frame 8413/13561 (6 workers)
  █████████████░░░░░░░░░░░░  53%  Capturing frame 8423/13561 (6 workers)
  █████████████░░░░░░░░░░░░  53%  Capturing frame 8434/13561 (6 workers)
  █████████████░░░░░░░░░░░░  53%  Capturing frame 8443/13561 (6 workers)
  █████████████░░░░░░░░░░░░  53%  Capturing frame 8454/13561 (6 workers)
  █████████████░░░░░░░░░░░░  53%  Capturing frame 8463/13561 (6 workers)
  █████████████░░░░░░░░░░░░  53%  Capturing frame 8473/13561 (6 workers)
  █████████████░░░░░░░░░░░░  53%  Capturing frame 8483/13561 (6 workers)
  █████████████░░░░░░░░░░░░  53%  Capturing frame 8494/13561 (6 workers)
  █████████████░░░░░░░░░░░░  53%  Capturing frame 8501/13561 (6 workers)
  █████████████░░░░░░░░░░░░  53%  Capturing frame 8511/13561 (6 workers)
  █████████████░░░░░░░░░░░░  53%  Capturing frame 8521/13561 (6 workers)
  █████████████░░░░░░░░░░░░  53%  Capturing frame 8529/13561 (6 workers)
  █████████████░░░░░░░░░░░░  53%  Capturing frame 8541/13561 (6 workers)
  █████████████░░░░░░░░░░░░  53%  Capturing frame 8550/13561 (6 workers)
  █████████████░░░░░░░░░░░░  53%  Capturing frame 8560/13561 (6 workers)
  █████████████░░░░░░░░░░░░  53%  Capturing frame 8570/13561 (6 workers)
  █████████████░░░░░░░░░░░░  53%  Capturing frame 8579/13561 (6 workers)
  █████████████░░░░░░░░░░░░  54%  Capturing frame 8589/13561 (6 workers)
  █████████████░░░░░░░░░░░░  54%  Capturing frame 8598/13561 (6 workers)
  █████████████░░░░░░░░░░░░  54%  Capturing frame 8606/13561 (6 workers)
  █████████████░░░░░░░░░░░░  54%  Capturing frame 8615/13561 (6 workers)
  █████████████░░░░░░░░░░░░  54%  Capturing frame 8624/13561 (6 workers)
  █████████████░░░░░░░░░░░░  54%  Capturing frame 8631/13561 (6 workers)
  █████████████░░░░░░░░░░░░  54%  Capturing frame 8639/13561 (6 workers)
  █████████████░░░░░░░░░░░░  54%  Capturing frame 8649/13561 (6 workers)
  █████████████░░░░░░░░░░░░  54%  Capturing frame 8659/13561 (6 workers)
  █████████████░░░░░░░░░░░░  54%  Capturing frame 8670/13561 (6 workers)
  █████████████░░░░░░░░░░░░  54%  Capturing frame 8680/13561 (6 workers)
  █████████████░░░░░░░░░░░░  54%  Capturing frame 8689/13561 (6 workers)
  █████████████░░░░░░░░░░░░  54%  Capturing frame 8700/13561 (6 workers)
  █████████████░░░░░░░░░░░░  54%  Capturing frame 8709/13561 (6 workers)
  █████████████░░░░░░░░░░░░  54%  Capturing frame 8719/13561 (6 workers)
  █████████████░░░░░░░░░░░░  54%  Capturing frame 8729/13561 (6 workers)
  █████████████░░░░░░░░░░░░  54%  Capturing frame 8736/13561 (6 workers)
  █████████████░░░░░░░░░░░░  54%  Capturing frame 8748/13561 (6 workers)
  █████████████░░░░░░░░░░░░  54%  Capturing frame 8757/13561 (6 workers)
  █████████████░░░░░░░░░░░░  54%  Capturing frame 8767/13561 (6 workers)
  █████████████░░░░░░░░░░░░  54%  Capturing frame 8778/13561 (6 workers)
  █████████████░░░░░░░░░░░░  54%  Capturing frame 8790/13561 (6 workers)
[INFO] [Render:trace] {"renderJobId":"aa639afb-fcbf-424c-9bbb-703cfc3254c2","phase":"capture_disk","status":"checkpoint","elapsedMs":307673,"message":"stage still running","stagePhase":"capturing","needsAlpha":false,"workerCount":6,"forceScreenshot":false,"totalFrames":13561,"framesCompleted":8796,"captureMode":"screenshot","captureOperation":"captureScreenshot","heartbeatIndex":4,"stageElapsedMs":240008}
  █████████████░░░░░░░░░░░░  54%  Capturing frame 8798/13561 (6 workers)
  █████████████░░░░░░░░░░░░  54%  Capturing frame 8807/13561 (6 workers)
  █████████████░░░░░░░░░░░░  54%  Capturing frame 8817/13561 (6 workers)
  █████████████░░░░░░░░░░░░  54%  Capturing frame 8826/13561 (6 workers)
  █████████████░░░░░░░░░░░░  54%  Capturing frame 8835/13561 (6 workers)
  █████████████░░░░░░░░░░░░  54%  Capturing frame 8845/13561 (6 workers)
  █████████████░░░░░░░░░░░░  54%  Capturing frame 8855/13561 (6 workers)
  █████████████░░░░░░░░░░░░  54%  Capturing frame 8864/13561 (6 workers)
  █████████████░░░░░░░░░░░░  54%  Capturing frame 8875/13561 (6 workers)
  █████████████░░░░░░░░░░░░  54%  Capturing frame 8887/13561 (6 workers)
  █████████████░░░░░░░░░░░░  55%  Capturing frame 8894/13561 (6 workers)
  █████████████░░░░░░░░░░░░  55%  Capturing frame 8903/13561 (6 workers)
  █████████████░░░░░░░░░░░░  55%  Capturing frame 8913/13561 (6 workers)
  █████████████░░░░░░░░░░░░  55%  Capturing frame 8920/13561 (6 workers)
  █████████████░░░░░░░░░░░░  55%  Capturing frame 8927/13561 (6 workers)
  █████████████░░░░░░░░░░░░  55%  Capturing frame 8938/13561 (6 workers)
  █████████████░░░░░░░░░░░░  55%  Capturing frame 8947/13561 (6 workers)
  █████████████░░░░░░░░░░░░  55%  Capturing frame 8955/13561 (6 workers)
  █████████████░░░░░░░░░░░░  55%  Capturing frame 8965/13561 (6 workers)
  █████████████░░░░░░░░░░░░  55%  Capturing frame 8974/13561 (6 workers)
  █████████████░░░░░░░░░░░░  55%  Capturing frame 8983/13561 (6 workers)
  █████████████░░░░░░░░░░░░  55%  Capturing frame 8992/13561 (6 workers)
  █████████████░░░░░░░░░░░░  55%  Capturing frame 9003/13561 (6 workers)
  █████████████░░░░░░░░░░░░  55%  Capturing frame 9010/13561 (6 workers)
  █████████████░░░░░░░░░░░░  55%  Capturing frame 9067/13561 (6 workers)
  █████████████░░░░░░░░░░░░  55%  Capturing frame 9083/13561 (6 workers)
  █████████████░░░░░░░░░░░░  55%  Capturing frame 9090/13561 (6 workers)
  █████████████░░░░░░░░░░░░  55%  Capturing frame 9100/13561 (6 workers)
  █████████████░░░░░░░░░░░░  55%  Capturing frame 9109/13561 (6 workers)
  █████████████░░░░░░░░░░░░  55%  Capturing frame 9116/13561 (6 workers)
  █████████████░░░░░░░░░░░░  55%  Capturing frame 9126/13561 (6 workers)
  █████████████░░░░░░░░░░░░  55%  Capturing frame 9135/13561 (6 workers)
  █████████████░░░░░░░░░░░░  55%  Capturing frame 9143/13561 (6 workers)
  █████████████░░░░░░░░░░░░  55%  Capturing frame 9153/13561 (6 workers)
  █████████████░░░░░░░░░░░░  55%  Capturing frame 9162/13561 (6 workers)
  █████████████░░░░░░░░░░░░  55%  Capturing frame 9173/13561 (6 workers)
  █████████████░░░░░░░░░░░░  55%  Capturing frame 9180/13561 (6 workers)
  █████████████░░░░░░░░░░░░  55%  Capturing frame 9191/13561 (6 workers)
  ██████████████░░░░░░░░░░░  56%  Capturing frame 9201/13561 (6 workers)
  ██████████████░░░░░░░░░░░  56%  Capturing frame 9212/13561 (6 workers)
  ██████████████░░░░░░░░░░░  56%  Capturing frame 9222/13561 (6 workers)
  ██████████████░░░░░░░░░░░  56%  Capturing frame 9232/13561 (6 workers)
  ██████████████░░░░░░░░░░░  56%  Capturing frame 9247/13561 (6 workers)
  ██████████████░░░░░░░░░░░  56%  Capturing frame 9297/13561 (6 workers)
  ██████████████░░░░░░░░░░░  56%  Capturing frame 9307/13561 (6 workers)
  ██████████████░░░░░░░░░░░  56%  Capturing frame 9316/13561 (6 workers)
  ██████████████░░░░░░░░░░░  56%  Capturing frame 9328/13561 (6 workers)
  ██████████████░░░░░░░░░░░  56%  Capturing frame 9335/13561 (6 workers)
  ██████████████░░░░░░░░░░░  56%  Capturing frame 9344/13561 (6 workers)
  ██████████████░░░░░░░░░░░  56%  Capturing frame 9353/13561 (6 workers)
  ██████████████░░░░░░░░░░░  56%  Capturing frame 9361/13561 (6 workers)
  ██████████████░░░░░░░░░░░  56%  Capturing frame 9371/13561 (6 workers)
  ██████████████░░░░░░░░░░░  56%  Capturing frame 9382/13561 (6 workers)
  ██████████████░░░░░░░░░░░  56%  Capturing frame 9392/13561 (6 workers)
  ██████████████░░░░░░░░░░░  56%  Capturing frame 9401/13561 (6 workers)
  ██████████████░░░░░░░░░░░  56%  Capturing frame 9412/13561 (6 workers)
  ██████████████░░░░░░░░░░░  56%  Capturing frame 9420/13561 (6 workers)
  ██████████████░░░░░░░░░░░  56%  Capturing frame 9428/13561 (6 workers)
  ██████████████░░░░░░░░░░░  56%  Capturing frame 9439/13561 (6 workers)
  ██████████████░░░░░░░░░░░  56%  Capturing frame 9449/13561 (6 workers)
  ██████████████░░░░░░░░░░░  56%  Capturing frame 9457/13561 (6 workers)
  ██████████████░░░░░░░░░░░  56%  Capturing frame 9465/13561 (6 workers)
  ██████████████░░░░░░░░░░░  56%  Capturing frame 9473/13561 (6 workers)
  ██████████████░░░░░░░░░░░  56%  Capturing frame 9482/13561 (6 workers)
  ██████████████░░░░░░░░░░░  56%  Capturing frame 9492/13561 (6 workers)
  ██████████████░░░░░░░░░░░  57%  Capturing frame 9503/13561 (6 workers)
  ██████████████░░░░░░░░░░░  57%  Capturing frame 9510/13561 (6 workers)
  ██████████████░░░░░░░░░░░  57%  Capturing frame 9518/13561 (6 workers)
  ██████████████░░░░░░░░░░░  57%  Capturing frame 9527/13561 (6 workers)
  ██████████████░░░░░░░░░░░  57%  Capturing frame 9537/13561 (6 workers)
  ██████████████░░░░░░░░░░░  57%  Capturing frame 9544/13561 (6 workers)
  ██████████████░░░░░░░░░░░  57%  Capturing frame 9556/13561 (6 workers)
  ██████████████░░░░░░░░░░░  57%  Capturing frame 9565/13561 (6 workers)
  ██████████████░░░░░░░░░░░  57%  Capturing frame 9574/13561 (6 workers)
  ██████████████░░░░░░░░░░░  57%  Capturing frame 9586/13561 (6 workers)
  ██████████████░░░░░░░░░░░  57%  Capturing frame 9598/13561 (6 workers)
  ██████████████░░░░░░░░░░░  57%  Capturing frame 9608/13561 (6 workers)
  ██████████████░░░░░░░░░░░  57%  Capturing frame 9618/13561 (6 workers)
  ██████████████░░░░░░░░░░░  57%  Capturing frame 9631/13561 (6 workers)
  ██████████████░░░░░░░░░░░  57%  Capturing frame 9642/13561 (6 workers)
  ██████████████░░░░░░░░░░░  57%  Capturing frame 9653/13561 (6 workers)
  ██████████████░░░░░░░░░░░  57%  Capturing frame 9665/13561 (6 workers)
  ██████████████░░░░░░░░░░░  57%  Capturing frame 9675/13561 (6 workers)
  ██████████████░░░░░░░░░░░  57%  Capturing frame 9684/13561 (6 workers)
  ██████████████░░░░░░░░░░░  57%  Capturing frame 9695/13561 (6 workers)
  ██████████████░░░░░░░░░░░  57%  Capturing frame 9705/13561 (6 workers)
  ██████████████░░░░░░░░░░░  57%  Capturing frame 9712/13561 (6 workers)
  ██████████████░░░░░░░░░░░  57%  Capturing frame 9723/13561 (6 workers)
  ██████████████░░░░░░░░░░░  57%  Capturing frame 9735/13561 (6 workers)
  ██████████████░░░░░░░░░░░  57%  Capturing frame 9745/13561 (6 workers)
  ██████████████░░░░░░░░░░░  57%  Capturing frame 9757/13561 (6 workers)
  ██████████████░░░░░░░░░░░  57%  Capturing frame 9764/13561 (6 workers)
  ██████████████░░░░░░░░░░░  57%  Capturing frame 9775/13561 (6 workers)
  ██████████████░░░░░░░░░░░  57%  Capturing frame 9785/13561 (6 workers)
  ██████████████░░░░░░░░░░░  58%  Capturing frame 9796/13561 (6 workers)
  ██████████████░░░░░░░░░░░  58%  Capturing frame 9806/13561 (6 workers)
  ██████████████░░░░░░░░░░░  58%  Capturing frame 9814/13561 (6 workers)
  ██████████████░░░░░░░░░░░  58%  Capturing frame 9826/13561 (6 workers)
  ██████████████░░░░░░░░░░░  58%  Capturing frame 9836/13561 (6 workers)
  ██████████████░░░░░░░░░░░  58%  Capturing frame 9845/13561 (6 workers)
  ██████████████░░░░░░░░░░░  58%  Capturing frame 9855/13561 (6 workers)
  ██████████████░░░░░░░░░░░  58%  Capturing frame 9866/13561 (6 workers)
  ██████████████░░░░░░░░░░░  58%  Capturing frame 9875/13561 (6 workers)
  ██████████████░░░░░░░░░░░  58%  Capturing frame 9883/13561 (6 workers)
  ██████████████░░░░░░░░░░░  58%  Capturing frame 9891/13561 (6 workers)
  ██████████████░░░░░░░░░░░  58%  Capturing frame 9902/13561 (6 workers)
  ██████████████░░░░░░░░░░░  58%  Capturing frame 9910/13561 (6 workers)
  ██████████████░░░░░░░░░░░  58%  Capturing frame 9921/13561 (6 workers)
  ██████████████░░░░░░░░░░░  58%  Capturing frame 9933/13561 (6 workers)
  ██████████████░░░░░░░░░░░  58%  Capturing frame 9941/13561 (6 workers)
  ██████████████░░░░░░░░░░░  58%  Capturing frame 9951/13561 (6 workers)
  ██████████████░░░░░░░░░░░  58%  Capturing frame 9960/13561 (6 workers)
  ██████████████░░░░░░░░░░░  58%  Capturing frame 9968/13561 (6 workers)
  ██████████████░░░░░░░░░░░  58%  Capturing frame 9978/13561 (6 workers)
  ██████████████░░░░░░░░░░░  58%  Capturing frame 9988/13561 (6 workers)
  ██████████████░░░░░░░░░░░  58%  Capturing frame 9997/13561 (6 workers)
  ██████████████░░░░░░░░░░░  58%  Capturing frame 10007/13561 (6 workers)
  ██████████████░░░░░░░░░░░  58%  Capturing frame 10015/13561 (6 workers)
  ██████████████░░░░░░░░░░░  58%  Capturing frame 10024/13561 (6 workers)
  ██████████████░░░░░░░░░░░  58%  Capturing frame 10031/13561 (6 workers)
  ██████████████░░░░░░░░░░░  58%  Capturing frame 10038/13561 (6 workers)
  ██████████████░░░░░░░░░░░  58%  Capturing frame 10044/13561 (6 workers)
  ██████████████░░░░░░░░░░░  58%  Capturing frame 10051/13561 (6 workers)
  ██████████████░░░░░░░░░░░  58%  Capturing frame 10059/13561 (6 workers)
  ██████████████░░░░░░░░░░░  58%  Capturing frame 10068/13561 (6 workers)
  ██████████████░░░░░░░░░░░  58%  Capturing frame 10079/13561 (6 workers)
  ██████████████░░░░░░░░░░░  58%  Capturing frame 10090/13561 (6 workers)
  ██████████████░░░░░░░░░░░  59%  Capturing frame 10098/13561 (6 workers)
  ██████████████░░░░░░░░░░░  59%  Capturing frame 10110/13561 (6 workers)
  ██████████████░░░░░░░░░░░  59%  Capturing frame 10119/13561 (6 workers)
  ██████████████░░░░░░░░░░░  59%  Capturing frame 10128/13561 (6 workers)
  ██████████████░░░░░░░░░░░  59%  Capturing frame 10138/13561 (6 workers)
  ██████████████░░░░░░░░░░░  59%  Capturing frame 10146/13561 (6 workers)
  ██████████████░░░░░░░░░░░  59%  Capturing frame 10158/13561 (6 workers)
  ██████████████░░░░░░░░░░░  59%  Capturing frame 10167/13561 (6 workers)
  ██████████████░░░░░░░░░░░  59%  Capturing frame 10177/13561 (6 workers)
  ██████████████░░░░░░░░░░░  59%  Capturing frame 10187/13561 (6 workers)
  ██████████████░░░░░░░░░░░  59%  Capturing frame 10197/13561 (6 workers)
  ██████████████░░░░░░░░░░░  59%  Capturing frame 10207/13561 (6 workers)
  ██████████████░░░░░░░░░░░  59%  Capturing frame 10256/13561 (6 workers)
  ██████████████░░░░░░░░░░░  59%  Capturing frame 10292/13561 (6 workers)
  ██████████████░░░░░░░░░░░  59%  Capturing frame 10304/13561 (6 workers)
  ██████████████░░░░░░░░░░░  59%  Capturing frame 10313/13561 (6 workers)
  ██████████████░░░░░░░░░░░  59%  Capturing frame 10324/13561 (6 workers)
  ██████████████░░░░░░░░░░░  59%  Capturing frame 10333/13561 (6 workers)
  ██████████████░░░░░░░░░░░  59%  Capturing frame 10340/13561 (6 workers)
  ██████████████░░░░░░░░░░░  59%  Capturing frame 10350/13561 (6 workers)
  ██████████████░░░░░░░░░░░  59%  Capturing frame 10361/13561 (6 workers)
  ██████████████░░░░░░░░░░░  59%  Capturing frame 10372/13561 (6 workers)
  ██████████████░░░░░░░░░░░  59%  Capturing frame 10383/13561 (6 workers)
  ██████████████░░░░░░░░░░░  59%  Capturing frame 10392/13561 (6 workers)
  ███████████████░░░░░░░░░░  60%  Capturing frame 10402/13561 (6 workers)
  ███████████████░░░░░░░░░░  60%  Capturing frame 10413/13561 (6 workers)
  ███████████████░░░░░░░░░░  60%  Capturing frame 10423/13561 (6 workers)
  ███████████████░░░░░░░░░░  60%  Capturing frame 10435/13561 (6 workers)
  ███████████████░░░░░░░░░░  60%  Capturing frame 10444/13561 (6 workers)
  ███████████████░░░░░░░░░░  60%  Capturing frame 10453/13561 (6 workers)
  ███████████████░░░░░░░░░░  60%  Capturing frame 10465/13561 (6 workers)
  ███████████████░░░░░░░░░░  60%  Capturing frame 10475/13561 (6 workers)
  ███████████████░░░░░░░░░░  60%  Capturing frame 10486/13561 (6 workers)
  ███████████████░░░░░░░░░░  60%  Capturing frame 10495/13561 (6 workers)
  ███████████████░░░░░░░░░░  60%  Capturing frame 10502/13561 (6 workers)
  ███████████████░░░░░░░░░░  60%  Capturing frame 10514/13561 (6 workers)
  ███████████████░░░░░░░░░░  60%  Capturing frame 10524/13561 (6 workers)
  ███████████████░░░░░░░░░░  60%  Capturing frame 10536/13561 (6 workers)
  ███████████████░░░░░░░░░░  60%  Capturing frame 10549/13561 (6 workers)
  ███████████████░░░░░░░░░░  60%  Capturing frame 10557/13561 (6 workers)
  ███████████████░░░░░░░░░░  60%  Capturing frame 10566/13561 (6 workers)
  ███████████████░░░░░░░░░░  60%  Capturing frame 10576/13561 (6 workers)
  ███████████████░░░░░░░░░░  60%  Capturing frame 10585/13561 (6 workers)
  ███████████████░░░░░░░░░░  60%  Capturing frame 10595/13561 (6 workers)
  ███████████████░░░░░░░░░░  60%  Capturing frame 10606/13561 (6 workers)
  ███████████████░░░░░░░░░░  60%  Capturing frame 10616/13561 (6 workers)
  ███████████████░░░░░░░░░░  60%  Capturing frame 10625/13561 (6 workers)
  ███████████████░░░░░░░░░░  60%  Capturing frame 10634/13561 (6 workers)
  ███████████████░░░░░░░░░░  60%  Capturing frame 10641/13561 (6 workers)
  ███████████████░░░░░░░░░░  60%  Capturing frame 10653/13561 (6 workers)
  ███████████████░░░░░░░░░░  60%  Capturing frame 10660/13561 (6 workers)
  ███████████████░░░░░░░░░░  60%  Capturing frame 10672/13561 (6 workers)
  ███████████████░░░░░░░░░░  60%  Capturing frame 10681/13561 (6 workers)
  ███████████████░░░░░░░░░░  60%  Capturing frame 10691/13561 (6 workers)
  ███████████████░░░░░░░░░░  60%  Capturing frame 10698/13561 (6 workers)
  ███████████████░░░░░░░░░░  61%  Capturing frame 10708/13561 (6 workers)
  ███████████████░░░░░░░░░░  61%  Capturing frame 10719/13561 (6 workers)
  ███████████████░░░░░░░░░░  61%  Capturing frame 10728/13561 (6 workers)
  ███████████████░░░░░░░░░░  61%  Capturing frame 10737/13561 (6 workers)
  ███████████████░░░░░░░░░░  61%  Capturing frame 10745/13561 (6 workers)
  ███████████████░░░░░░░░░░  61%  Capturing frame 10754/13561 (6 workers)
  ███████████████░░░░░░░░░░  61%  Capturing frame 10763/13561 (6 workers)
  ███████████████░░░░░░░░░░  61%  Capturing frame 10772/13561 (6 workers)
  ███████████████░░░░░░░░░░  61%  Capturing frame 10784/13561 (6 workers)
  ███████████████░░░░░░░░░░  61%  Capturing frame 10791/13561 (6 workers)
  ███████████████░░░░░░░░░░  61%  Capturing frame 10802/13561 (6 workers)
  ███████████████░░░░░░░░░░  61%  Capturing frame 10811/13561 (6 workers)
  ███████████████░░░░░░░░░░  61%  Capturing frame 10821/13561 (6 workers)
  ███████████████░░░░░░░░░░  61%  Capturing frame 10831/13561 (6 workers)
  ███████████████░░░░░░░░░░  61%  Capturing frame 10840/13561 (6 workers)
  ███████████████░░░░░░░░░░  61%  Capturing frame 10850/13561 (6 workers)
  ███████████████░░░░░░░░░░  61%  Capturing frame 10861/13561 (6 workers)
  ███████████████░░░░░░░░░░  61%  Capturing frame 10869/13561 (6 workers)
  ███████████████░░░░░░░░░░  61%  Capturing frame 10881/13561 (6 workers)
  ███████████████░░░░░░░░░░  61%  Capturing frame 10891/13561 (6 workers)
  ███████████████░░░░░░░░░░  61%  Capturing frame 10900/13561 (6 workers)
  ███████████████░░░░░░░░░░  61%  Capturing frame 10912/13561 (6 workers)
  ███████████████░░░░░░░░░░  61%  Capturing frame 10921/13561 (6 workers)
  ███████████████░░░░░░░░░░  61%  Capturing frame 10931/13561 (6 workers)
  ███████████████░░░░░░░░░░  61%  Capturing frame 10943/13561 (6 workers)
  ███████████████░░░░░░░░░░  61%  Capturing frame 10951/13561 (6 workers)
  ███████████████░░░░░░░░░░  61%  Capturing frame 10962/13561 (6 workers)
  ███████████████░░░░░░░░░░  61%  Capturing frame 10970/13561 (6 workers)
  ███████████████░░░░░░░░░░  61%  Capturing frame 10979/13561 (6 workers)
  ███████████████░░░░░░░░░░  61%  Capturing frame 10986/13561 (6 workers)
  ███████████████░░░░░░░░░░  61%  Capturing frame 10998/13561 (6 workers)
  ███████████████░░░░░░░░░░  62%  Capturing frame 11007/13561 (6 workers)
  ███████████████░░░░░░░░░░  62%  Capturing frame 11017/13561 (6 workers)
  ███████████████░░░░░░░░░░  62%  Capturing frame 11027/13561 (6 workers)
  ███████████████░░░░░░░░░░  62%  Capturing frame 11036/13561 (6 workers)
  ███████████████░░░░░░░░░░  62%  Capturing frame 11047/13561 (6 workers)
  ███████████████░░░░░░░░░░  62%  Capturing frame 11057/13561 (6 workers)
  ███████████████░░░░░░░░░░  62%  Capturing frame 11067/13561 (6 workers)
  ███████████████░░░░░░░░░░  62%  Capturing frame 11076/13561 (6 workers)
  ███████████████░░░░░░░░░░  62%  Capturing frame 11086/13561 (6 workers)
  ███████████████░░░░░░░░░░  62%  Capturing frame 11098/13561 (6 workers)
  ███████████████░░░░░░░░░░  62%  Capturing frame 11107/13561 (6 workers)
  ███████████████░░░░░░░░░░  62%  Capturing frame 11118/13561 (6 workers)
  ███████████████░░░░░░░░░░  62%  Capturing frame 11129/13561 (6 workers)
  ███████████████░░░░░░░░░░  62%  Capturing frame 11139/13561 (6 workers)
  ███████████████░░░░░░░░░░  62%  Capturing frame 11149/13561 (6 workers)
  ███████████████░░░░░░░░░░  62%  Capturing frame 11159/13561 (6 workers)
  ███████████████░░░░░░░░░░  62%  Capturing frame 11169/13561 (6 workers)
  ███████████████░░░░░░░░░░  62%  Capturing frame 11181/13561 (6 workers)
  ███████████████░░░░░░░░░░  62%  Capturing frame 11191/13561 (6 workers)
  ███████████████░░░░░░░░░░  62%  Capturing frame 11203/13561 (6 workers)
  ███████████████░░░░░░░░░░  62%  Capturing frame 11212/13561 (6 workers)
  ███████████████░░░░░░░░░░  62%  Capturing frame 11221/13561 (6 workers)
  ███████████████░░░░░░░░░░  62%  Capturing frame 11233/13561 (6 workers)
  ███████████████░░░░░░░░░░  62%  Capturing frame 11242/13561 (6 workers)
  ███████████████░░░░░░░░░░  62%  Capturing frame 11273/13561 (6 workers)
  ███████████████░░░░░░░░░░  63%  Capturing frame 11310/13561 (6 workers)
  ███████████████░░░░░░░░░░  63%  Capturing frame 11319/13561 (6 workers)
  ███████████████░░░░░░░░░░  63%  Capturing frame 11328/13561 (6 workers)
  ███████████████░░░░░░░░░░  63%  Capturing frame 11335/13561 (6 workers)
  ███████████████░░░░░░░░░░  63%  Capturing frame 11347/13561 (6 workers)
  ███████████████░░░░░░░░░░  63%  Capturing frame 11357/13561 (6 workers)
  ███████████████░░░░░░░░░░  63%  Capturing frame 11366/13561 (6 workers)
  ███████████████░░░░░░░░░░  63%  Capturing frame 11373/13561 (6 workers)
  ███████████████░░░░░░░░░░  63%  Capturing frame 11382/13561 (6 workers)
  ███████████████░░░░░░░░░░  63%  Capturing frame 11442/13561 (6 workers)
  ███████████████░░░░░░░░░░  63%  Capturing frame 11459/13561 (6 workers)
  ███████████████░░░░░░░░░░  63%  Capturing frame 11467/13561 (6 workers)
  ███████████████░░░░░░░░░░  63%  Capturing frame 11473/13561 (6 workers)
  ███████████████░░░░░░░░░░  63%  Capturing frame 11479/13561 (6 workers)
  ███████████████░░░░░░░░░░  63%  Capturing frame 11485/13561 (6 workers)
  ███████████████░░░░░░░░░░  63%  Capturing frame 11494/13561 (6 workers)
  ███████████████░░░░░░░░░░  63%  Capturing frame 11502/13561 (6 workers)
  ███████████████░░░░░░░░░░  63%  Capturing frame 11514/13561 (6 workers)
  ███████████████░░░░░░░░░░  63%  Capturing frame 11525/13561 (6 workers)
  ███████████████░░░░░░░░░░  63%  Capturing frame 11536/13561 (6 workers)
  ███████████████░░░░░░░░░░  63%  Capturing frame 11546/13561 (6 workers)
  ███████████████░░░░░░░░░░  63%  Capturing frame 11558/13561 (6 workers)
  ███████████████░░░░░░░░░░  63%  Capturing frame 11568/13561 (6 workers)
  ███████████████░░░░░░░░░░  63%  Capturing frame 11579/13561 (6 workers)
  ███████████████░░░░░░░░░░  63%  Capturing frame 11589/13561 (6 workers)
  ███████████████░░░░░░░░░░  63%  Capturing frame 11600/13561 (6 workers)
  ████████████████░░░░░░░░░  64%  Capturing frame 11609/13561 (6 workers)
  ████████████████░░░░░░░░░  64%  Capturing frame 11621/13561 (6 workers)
  ████████████████░░░░░░░░░  64%  Capturing frame 11631/13561 (6 workers)
  ████████████████░░░░░░░░░  64%  Capturing frame 11643/13561 (6 workers)
  ████████████████░░░░░░░░░  64%  Capturing frame 11653/13561 (6 workers)
  ████████████████░░░░░░░░░  64%  Capturing frame 11661/13561 (6 workers)
  ████████████████░░░░░░░░░  64%  Capturing frame 11707/13561 (6 workers)
  ████████████████░░░░░░░░░  64%  Capturing frame 11740/13561 (6 workers)
  ████████████████░░░░░░░░░  64%  Capturing frame 11751/13561 (6 workers)
  ████████████████░░░░░░░░░  64%  Capturing frame 11758/13561 (6 workers)
  ████████████████░░░░░░░░░  64%  Capturing frame 11769/13561 (6 workers)
  ████████████████░░░░░░░░░  64%  Capturing frame 11780/13561 (6 workers)
  ████████████████░░░░░░░░░  64%  Capturing frame 11790/13561 (6 workers)
  ████████████████░░░░░░░░░  64%  Capturing frame 11800/13561 (6 workers)
  ████████████████░░░░░░░░░  64%  Capturing frame 11810/13561 (6 workers)
  ████████████████░░░░░░░░░  64%  Capturing frame 11820/13561 (6 workers)
  ████████████████░░░░░░░░░  64%  Capturing frame 11833/13561 (6 workers)
  ████████████████░░░░░░░░░  64%  Capturing frame 11842/13561 (6 workers)
  ████████████████░░░░░░░░░  64%  Capturing frame 11850/13561 (6 workers)
  ████████████████░░░░░░░░░  64%  Capturing frame 11859/13561 (6 workers)
  ████████████████░░░░░░░░░  64%  Capturing frame 11872/13561 (6 workers)
  ████████████████░░░░░░░░░  64%  Capturing frame 11883/13561 (6 workers)
  ████████████████░░░░░░░░░  64%  Capturing frame 11895/13561 (6 workers)
  ████████████████░░░░░░░░░  65%  Capturing frame 11905/13561 (6 workers)
  ████████████████░░░░░░░░░  65%  Capturing frame 11917/13561 (6 workers)
  ████████████████░░░░░░░░░  65%  Capturing frame 11929/13561 (6 workers)
  ████████████████░░░░░░░░░  65%  Capturing frame 11952/13561 (6 workers)
  ████████████████░░░░░░░░░  65%  Capturing frame 11998/13561 (6 workers)
  ████████████████░░░░░░░░░  65%  Capturing frame 12042/13561 (6 workers)
  ████████████████░░░░░░░░░  65%  Capturing frame 12053/13561 (6 workers)
  ████████████████░░░░░░░░░  65%  Capturing frame 12065/13561 (6 workers)
  ████████████████░░░░░░░░░  65%  Capturing frame 12076/13561 (6 workers)
  ████████████████░░░░░░░░░  65%  Capturing frame 12088/13561 (6 workers)
  ████████████████░░░░░░░░░  65%  Capturing frame 12100/13561 (6 workers)
  ████████████████░░░░░░░░░  65%  Capturing frame 12112/13561 (6 workers)
  ████████████████░░░░░░░░░  65%  Capturing frame 12124/13561 (6 workers)
  ████████████████░░░░░░░░░  65%  Capturing frame 12136/13561 (6 workers)
  ████████████████░░░░░░░░░  65%  Capturing frame 12148/13561 (6 workers)
  ████████████████░░░░░░░░░  65%  Capturing frame 12159/13561 (6 workers)
  ████████████████░░░░░░░░░  65%  Capturing frame 12171/13561 (6 workers)
  ████████████████░░░░░░░░░  65%  Capturing frame 12183/13561 (6 workers)
  ████████████████░░░░░░░░░  65%  Capturing frame 12195/13561 (6 workers)
  ████████████████░░░░░░░░░  66%  Capturing frame 12207/13561 (6 workers)
  ████████████████░░░░░░░░░  66%  Capturing frame 12219/13561 (6 workers)
  ████████████████░░░░░░░░░  66%  Capturing frame 12231/13561 (6 workers)
  ████████████████░░░░░░░░░  66%  Capturing frame 12243/13561 (6 workers)
  ████████████████░░░░░░░░░  66%  Capturing frame 12255/13561 (6 workers)
  ████████████████░░░░░░░░░  66%  Capturing frame 12267/13561 (6 workers)
  ████████████████░░░░░░░░░  66%  Capturing frame 12279/13561 (6 workers)
  ████████████████░░░░░░░░░  66%  Capturing frame 12291/13561 (6 workers)
  ████████████████░░░░░░░░░  66%  Capturing frame 12303/13561 (6 workers)
  ████████████████░░░░░░░░░  66%  Capturing frame 12315/13561 (6 workers)
[static-dedup] reused 355/2261 frame(s) (16%), est. ~53605ms saved (avg 151ms/frame)
  ████████████████░░░░░░░░░  66%  Capturing frame 12327/13561 (6 workers)
  ████████████████░░░░░░░░░  66%  Capturing frame 12338/13561 (6 workers)
  ████████████████░░░░░░░░░  66%  Capturing frame 12350/13561 (6 workers)
  ████████████████░░░░░░░░░  66%  Capturing frame 12361/13561 (6 workers)
  ████████████████░░░░░░░░░  66%  Capturing frame 12372/13561 (6 workers)
  ████████████████░░░░░░░░░  66%  Capturing frame 12384/13561 (6 workers)
  ████████████████░░░░░░░░░  66%  Capturing frame 12396/13561 (6 workers)
  ████████████████░░░░░░░░░  66%  Capturing frame 12408/13561 (6 workers)
  ████████████████░░░░░░░░░  66%  Capturing frame 12420/13561 (6 workers)
  ████████████████░░░░░░░░░  66%  Capturing frame 12431/13561 (6 workers)
  ████████████████░░░░░░░░░  66%  Capturing frame 12442/13561 (6 workers)
  ████████████████░░░░░░░░░  66%  Capturing frame 12454/13561 (6 workers)
  ████████████████░░░░░░░░░  66%  Capturing frame 12465/13561 (6 workers)
  ████████████████░░░░░░░░░  66%  Capturing frame 12476/13561 (6 workers)
  ████████████████░░░░░░░░░  66%  Capturing frame 12487/13561 (6 workers)
  ████████████████░░░░░░░░░  66%  Capturing frame 12499/13561 (6 workers)
  ████████████████░░░░░░░░░  67%  Capturing frame 12510/13561 (6 workers)
  ████████████████░░░░░░░░░  67%  Capturing frame 12522/13561 (6 workers)
  ████████████████░░░░░░░░░  67%  Capturing frame 12535/13561 (6 workers)
  ████████████████░░░░░░░░░  67%  Capturing frame 12547/13561 (6 workers)
  ████████████████░░░░░░░░░  67%  Capturing frame 12560/13561 (6 workers)
  ████████████████░░░░░░░░░  67%  Capturing frame 12574/13561 (6 workers)
  ████████████████░░░░░░░░░  67%  Capturing frame 12585/13561 (6 workers)
  ████████████████░░░░░░░░░  67%  Capturing frame 12599/13561 (6 workers)
  ████████████████░░░░░░░░░  67%  Capturing frame 12610/13561 (6 workers)
  ████████████████░░░░░░░░░  67%  Capturing frame 12624/13561 (6 workers)
  ████████████████░░░░░░░░░  67%  Capturing frame 12637/13561 (6 workers)
  ████████████████░░░░░░░░░  67%  Capturing frame 12649/13561 (6 workers)
  ████████████████░░░░░░░░░  67%  Capturing frame 12661/13561 (6 workers)
  ████████████████░░░░░░░░░  67%  Capturing frame 12673/13561 (6 workers)
  ████████████████░░░░░░░░░  67%  Capturing frame 12685/13561 (6 workers)
  ████████████████░░░░░░░░░  67%  Capturing frame 12697/13561 (6 workers)
  ████████████████░░░░░░░░░  67%  Capturing frame 12709/13561 (6 workers)
  ████████████████░░░░░░░░░  67%  Capturing frame 12721/13561 (6 workers)
  ████████████████░░░░░░░░░  67%  Capturing frame 12732/13561 (6 workers)
  ████████████████░░░░░░░░░  67%  Capturing frame 12743/13561 (6 workers)
  ████████████████░░░░░░░░░  67%  Capturing frame 12754/13561 (6 workers)
  ████████████████░░░░░░░░░  67%  Capturing frame 12765/13561 (6 workers)
  ████████████████░░░░░░░░░  67%  Capturing frame 12776/13561 (6 workers)
  ████████████████░░░░░░░░░  67%  Capturing frame 12787/13561 (6 workers)
  ████████████████░░░░░░░░░  67%  Capturing frame 12798/13561 (6 workers)
  █████████████████░░░░░░░░  68%  Capturing frame 12810/13561 (6 workers)
  █████████████████░░░░░░░░  68%  Capturing frame 12821/13561 (6 workers)
  █████████████████░░░░░░░░  68%  Capturing frame 12833/13561 (6 workers)
  █████████████████░░░░░░░░  68%  Capturing frame 12844/13561 (6 workers)
  █████████████████░░░░░░░░  68%  Capturing frame 12855/13561 (6 workers)
  █████████████████░░░░░░░░  68%  Capturing frame 12866/13561 (6 workers)
  █████████████████░░░░░░░░  68%  Capturing frame 12877/13561 (6 workers)
  █████████████████░░░░░░░░  68%  Capturing frame 12887/13561 (6 workers)
  █████████████████░░░░░░░░  68%  Capturing frame 12897/13561 (6 workers)
  █████████████████░░░░░░░░  68%  Capturing frame 12908/13561 (6 workers)
  █████████████████░░░░░░░░  68%  Capturing frame 12918/13561 (6 workers)
  █████████████████░░░░░░░░  68%  Capturing frame 12929/13561 (6 workers)
  █████████████████░░░░░░░░  68%  Capturing frame 12940/13561 (6 workers)
  █████████████████░░░░░░░░  68%  Capturing frame 12951/13561 (6 workers)
  █████████████████░░░░░░░░  68%  Capturing frame 12962/13561 (6 workers)
  █████████████████░░░░░░░░  68%  Capturing frame 12973/13561 (6 workers)
  █████████████████░░░░░░░░  68%  Capturing frame 12984/13561 (6 workers)
  █████████████████░░░░░░░░  68%  Capturing frame 12996/13561 (6 workers)
[static-dedup] reused 184/2261 frame(s) (8%), est. ~26864ms saved (avg 146ms/frame)
  █████████████████░░░░░░░░  68%  Capturing frame 13007/13561 (6 workers)
  █████████████████░░░░░░░░  68%  Capturing frame 13017/13561 (6 workers)
  █████████████████░░░░░░░░  68%  Capturing frame 13028/13561 (6 workers)
  █████████████████░░░░░░░░  68%  Capturing frame 13037/13561 (6 workers)
  █████████████████░░░░░░░░  68%  Capturing frame 13047/13561 (6 workers)
  █████████████████░░░░░░░░  68%  Capturing frame 13057/13561 (6 workers)
  █████████████████░░░░░░░░  68%  Capturing frame 13068/13561 (6 workers)
  █████████████████░░░░░░░░  68%  Capturing frame 13077/13561 (6 workers)
  █████████████████░░░░░░░░  68%  Capturing frame 13088/13561 (6 workers)
  █████████████████░░░░░░░░  68%  Capturing frame 13098/13561 (6 workers)
  █████████████████░░░░░░░░  69%  Capturing frame 13109/13561 (6 workers)
[static-dedup] reused 199/2261 frame(s) (9%), est. ~29452ms saved (avg 148ms/frame)
  █████████████████░░░░░░░░  69%  Capturing frame 13119/13561 (6 workers)
  █████████████████░░░░░░░░  69%  Capturing frame 13128/13561 (6 workers)
  █████████████████░░░░░░░░  69%  Capturing frame 13136/13561 (6 workers)
  █████████████████░░░░░░░░  69%  Capturing frame 13145/13561 (6 workers)
  █████████████████░░░░░░░░  69%  Capturing frame 13153/13561 (6 workers)
  █████████████████░░░░░░░░  69%  Capturing frame 13162/13561 (6 workers)
  █████████████████░░░░░░░░  69%  Capturing frame 13171/13561 (6 workers)
  █████████████████░░░░░░░░  69%  Capturing frame 13180/13561 (6 workers)
  █████████████████░░░░░░░░  69%  Capturing frame 13189/13561 (6 workers)
  █████████████████░░░░░░░░  69%  Capturing frame 13198/13561 (6 workers)
  █████████████████░░░░░░░░  69%  Capturing frame 13207/13561 (6 workers)
  █████████████████░░░░░░░░  69%  Capturing frame 13217/13561 (6 workers)
  █████████████████░░░░░░░░  69%  Capturing frame 13227/13561 (6 workers)
  █████████████████░░░░░░░░  69%  Capturing frame 13237/13561 (6 workers)
  █████████████████░░░░░░░░  69%  Capturing frame 13246/13561 (6 workers)
  █████████████████░░░░░░░░  69%  Capturing frame 13255/13561 (6 workers)
  █████████████████░░░░░░░░  69%  Capturing frame 13265/13561 (6 workers)
  █████████████████░░░░░░░░  69%  Capturing frame 13275/13561 (6 workers)
  █████████████████░░░░░░░░  69%  Capturing frame 13285/13561 (6 workers)
  █████████████████░░░░░░░░  69%  Capturing frame 13294/13561 (6 workers)
  █████████████████░░░░░░░░  69%  Capturing frame 13303/13561 (6 workers)
  █████████████████░░░░░░░░  69%  Capturing frame 13312/13561 (6 workers)
  █████████████████░░░░░░░░  69%  Capturing frame 13321/13561 (6 workers)
  █████████████████░░░░░░░░  69%  Capturing frame 13330/13561 (6 workers)
  █████████████████░░░░░░░░  69%  Capturing frame 13339/13561 (6 workers)
[static-dedup] reused 150/2261 frame(s) (7%), est. ~22200ms saved (avg 148ms/frame)
  █████████████████░░░░░░░░  69%  Capturing frame 13348/13561 (6 workers)
  █████████████████░░░░░░░░  69%  Capturing frame 13356/13561 (6 workers)
  █████████████████░░░░░░░░  69%  Capturing frame 13364/13561 (6 workers)
  █████████████████░░░░░░░░  69%  Capturing frame 13372/13561 (6 workers)
  █████████████████░░░░░░░░  69%  Capturing frame 13380/13561 (6 workers)
  █████████████████░░░░░░░░  69%  Capturing frame 13388/13561 (6 workers)
  █████████████████░░░░░░░░  69%  Capturing frame 13394/13561 (6 workers)
  █████████████████░░░░░░░░  69%  Capturing frame 13401/13561 (6 workers)
  █████████████████░░░░░░░░  69%  Capturing frame 13408/13561 (6 workers)
  █████████████████░░░░░░░░  70%  Capturing frame 13416/13561 (6 workers)
  █████████████████░░░░░░░░  70%  Capturing frame 13423/13561 (6 workers)
  █████████████████░░░░░░░░  70%  Capturing frame 13431/13561 (6 workers)
  █████████████████░░░░░░░░  70%  Capturing frame 13438/13561 (6 workers)
[static-dedup] reused 81/2261 frame(s) (4%), est. ~11745ms saved (avg 145ms/frame)
  █████████████████░░░░░░░░  70%  Capturing frame 13444/13561 (6 workers)
  █████████████████░░░░░░░░  70%  Capturing frame 13448/13561 (6 workers)
  █████████████████░░░░░░░░  70%  Capturing frame 13452/13561 (6 workers)
  █████████████████░░░░░░░░  70%  Capturing frame 13456/13561 (6 workers)
  █████████████████░░░░░░░░  70%  Capturing frame 13460/13561 (6 workers)
  █████████████████░░░░░░░░  70%  Capturing frame 13474/13561 (6 workers)
  █████████████████░░░░░░░░  70%  Capturing frame 13475/13561 (6 workers)
  █████████████████░░░░░░░░  70%  Capturing frame 13507/13561 (6 workers)
  █████████████████░░░░░░░░  70%  Capturing frame 13535/13561 (6 workers)
  █████████████████░░░░░░░░  70%  Capturing frame 13561/13561 (6 workers)
[static-dedup] reused 165/2256 frame(s) (7%), est. ~25080ms saved (avg 152ms/frame)
[INFO] [Render:trace] {"renderJobId":"aa639afb-fcbf-424c-9bbb-703cfc3254c2","phase":"capture_disk","status":"checkpoint","elapsedMs":427675,"message":"stage still running","stagePhase":"capturing","needsAlpha":false,"workerCount":6,"forceScreenshot":false,"totalFrames":13561,"framesCompleted":13561,"captureMode":"screenshot","captureOperation":"encode","heartbeatIndex":5,"stageElapsedMs":360010}
[INFO] [Render:trace] {"renderJobId":"aa639afb-fcbf-424c-9bbb-703cfc3254c2","phase":"capture_disk","status":"end","elapsedMs":461525,"durationMs":393860,"stagePhase":"capturing","needsAlpha":false,"workerCount":6,"forceScreenshot":false,"totalFrames":13561,"framesCompleted":13561,"captureMode":"screenshot","captureOperation":"encode"}
[INFO] [Render:trace] {"renderJobId":"aa639afb-fcbf-424c-9bbb-703cfc3254c2","phase":"encode","status":"start","elapsedMs":461525,"stagePhase":"capturing","hasAudio":true,"isPngSequence":false,"isGif":false,"chunkedEncode":false,"workerCount":6,"forceScreenshot":false,"totalFrames":13561,"framesCompleted":13561,"captureMode":"screenshot","captureOperation":"encode"}
  ██████████████████░░░░░░░  75%  Encoding video
[INFO] [Render:trace] {"renderJobId":"aa639afb-fcbf-424c-9bbb-703cfc3254c2","phase":"encode","status":"checkpoint","elapsedMs":491526,"message":"stage still running","stagePhase":"capturing","hasAudio":true,"isPngSequence":false,"isGif":false,"chunkedEncode":false,"workerCount":6,"forceScreenshot":false,"totalFrames":13561,"framesCompleted":13561,"captureMode":"screenshot","captureOperation":"encode","heartbeatIndex":1,"stageElapsedMs":30001}
[INFO] [Render:trace] {"renderJobId":"aa639afb-fcbf-424c-9bbb-703cfc3254c2","phase":"encode","status":"checkpoint","elapsedMs":521528,"message":"stage still running","stagePhase":"capturing","hasAudio":true,"isPngSequence":false,"isGif":false,"chunkedEncode":false,"workerCount":6,"forceScreenshot":false,"totalFrames":13561,"framesCompleted":13561,"captureMode":"screenshot","captureOperation":"encode","heartbeatIndex":2,"stageElapsedMs":60003}
[INFO] [Render:trace] {"renderJobId":"aa639afb-fcbf-424c-9bbb-703cfc3254c2","phase":"encode","status":"end","elapsedMs":578019,"durationMs":116494,"stagePhase":"capturing","hasAudio":true,"isPngSequence":false,"isGif":false,"chunkedEncode":false,"workerCount":6,"forceScreenshot":false,"totalFrames":13561,"framesCompleted":13561,"captureMode":"screenshot","captureOperation":"encode"}
[INFO] [Render:trace] {"renderJobId":"aa639afb-fcbf-424c-9bbb-703cfc3254c2","phase":"assemble","status":"start","elapsedMs":578019,"stagePhase":"capturing","hasAudio":true,"workerCount":6,"forceScreenshot":false,"totalFrames":13561,"framesCompleted":13561,"captureMode":"screenshot","captureOperation":"encode"}
  ██████████████████████░░░  90%  Assembling final video
[INFO] Audio lowered by 1.1 dB to stay under −1 dBTP {"audioLoweredDb":1.1}
[INFO] [Render:trace] {"renderJobId":"aa639afb-fcbf-424c-9bbb-703cfc3254c2","phase":"assemble","status":"end","elapsedMs":602755,"durationMs":24736,"stagePhase":"capturing","hasAudio":true,"workerCount":6,"forceScreenshot":false,"totalFrames":13561,"framesCompleted":13561,"captureMode":"screenshot","captureOperation":"encode"}
[INFO] [Render:trace] {"renderJobId":"aa639afb-fcbf-424c-9bbb-703cfc3254c2","phase":"pipeline","status":"checkpoint","elapsedMs":603472,"message":"artifact validated","totalElapsedMs":602865}
  █████████████████████████  100%  Render complete

◇  /Users/mdhussain/video_production/accounting-course/lessons/L14-hi/renders/video.hi.mp4
   135.3 MB · 7m 32.0s video · rendered in 10m 13.6s
   screenshot capture · hardware gpu · compile 3.6s · extract 0.0s · audio 1m 3.7s · probe 1.1s · setup 0.4s · capture 6m 33.9s · encode 1m 56.5s · assemble 24.7s
   Keep editing by chatting with Framey in the HyperFrames desktop app → https://hyperframes.dev/studio/download
RENDER DONE rc=0 Thu Oct  8 14:33:42 IST 2026
